topic_final,old_topic_name,proposed_title,proposed_description,theme,n_segments,year_min,year_max,top_keywords,top_shows,example_text_1,example_text_2,example_text_3
0,0_presidente_país_huevón_pesos,"Política y actualidad: presidente, país, pesos","Cluster con 358 segmentos (1973-2025) centrado en presidente, país, pesos, política, chile. Predomina en rutinas de Pedro Ruminot, Edo Caroe.",Política y actualidad,358,1973,2025,"presidente, país, pesos, política, chile, plata, huevones, ley, piñera","Pedro Ruminot, Edo Caroe, Bombo Fica",Hoy a mí me gusta mucho leer y el otro día estaba leyendo en TikTok que Chile es un país que está envejeciendo. Chile es un país que demográficamente tiene una población bien avanzada en edad. Y se nota un poco que Chile...,"algunos que se pusieron así. Ya se puso a hablar hueá este comunista de mierda, hueá. Los veo, si yo lo estoy mirando. Puta, yo quería ver al Checho Iturbi y al Checho Freire, puta, que la cagamos. Mira, independiente el...","con Don Consa ahora democracia. Tenemos un presidente tan joven que debe tener WhatsApp de primo. Igual que nosotros, po, si todos si es joven, es ser humano, debe tener WhatsApp de primo, donde los primos le escriben, ""..."
1,1_canción_almas_cantar_vivo vivo,"Parodias musicales: canción, almas, cantar","Cluster con 285 segmentos (1973-2025) centrado en canción, almas, cantar, vivo vivo, música. Predomina en rutinas de Hugo Varela, Daniel Muñoz ""El Carmelo"".",Parodias musicales,285,1973,2025,"canción, almas, cantar, vivo vivo, música, vivo, rima, luna, gusta","Hugo Varela, Daniel Muñoz ""El Carmelo"", Carlos García","...que se llama ahora como 40 minutos, entonces Ehm, Sí, pero cerrando. Me gustaría Quisiera un poquito de música, que lo pasáramos bien, quisiéramos una fiesta que si se la saben pueden cantar. Transformemos esto en un...","acá el de música, mi show, porque pienso que la música nos transporta experiencias a momentos que hemos vivido, nos trae nostalgia. Por ejemplo, esta música, maestro, cuando quiera, póngale nomás. Y quiero ver cómo está...","No tienen un futbolista que cante. En el año 99, Alvarito, cuando tú estabas naciendo, en este escenario se presentó Marcelo Pablo Barticcioto, mi ídolo. Ni un futbolista usted ningún futbolista de ahora canta y los humo..."
2,2_chiste_programa_hoy hoy_chistes,"Televisión y medios: programa, hoy hoy, discapacidad","Cluster con 234 segmentos (1973-2025) centrado en programa, hoy hoy, discapacidad, juan gabriel, gabriel. Predomina en rutinas de Edo Caroe, Stefan Kramer.",Televisión y medios,234,1973,2025,"programa, hoy hoy, discapacidad, juan gabriel, gabriel, popó, amigo","Edo Caroe, Stefan Kramer, Pedro Ruminot","Oiga, una pifiadita para echar una confianza nueva, a ver. Ay, sí que sí. Ay, sí que sí. Oiga, fíjese que el Albert Hammond, aló, aló, el Albert Hammond, el andaba más genio el Albert Hammond el otro día, ¿se acuerda ust...","Bueno, este para tantear el público, probando. Perfecto. Mi mejor imitación: una imitación a un Aziz. Vamos a proseguir haciendo ahora una... este... Ya los tanteé, ya veo que están con ganas de divertirse. Vamos a ir sa...","El humor está en las micros también el otro día. Los humoristas son cortitos, son son sabrosos. Iban dos señoras gordas. No tengo una concha de los gordos yo, pero esas señoras que se dan a chancha, los fracasos al Cente..."
3,3_humor_quinta_quinta vergara_vergara,"Meta-humor de escenario: humor, quinta vergara, escenario","Cluster con 232 segmentos (1971-2025) centrado en humor, quinta vergara, escenario, reír, artista. Predomina en rutinas de Coco Legrand, Dinamita Show.",Meta-humor de escenario,232,1971,2025,"humor, quinta vergara, escenario, reír, artista, viña mar, gran","Coco Legrand, Dinamita Show, Melón y Melame","...con Piña Colada. Un nuevo humorista, su nombre: Carlos Cerón. Recuérdalo. Ha nacido en Viña del Mar con este humor popular, contingente, variado, que nos hace salir fácil una sonrisa. Vamos en este 34.º Festival Inter...","Lo difícil que es hacer reír. Esta noche lo logró Paulo Paulo Iglesias. Pero hay más. Hay más. ¡Fuerte, Paulo Iglesias!","Y llegamos a otro momento importante en esta noche. Un momento para sonreír, un momento para alegrarnos. Le vimos en el Festival de Arica y realmente presentó una rutina espectacular con nuevos chistes y con nuevos perso..."
4,4_chileno_chile_argentino_chilenos,"Política y actualidad: chileno, chile, argentino","Cluster con 278 segmentos (1974-2025) centrado en chileno, chile, argentino, chilenos, país. Predomina en rutinas de Pedro Ruminot, Palta Meléndez.",Política y actualidad,278,1974,2025,"chileno, chile, argentino, chilenos, país, argentina, temuco, inglés, chino, avión","Pedro Ruminot, Palta Meléndez, Bombo Fica","es chileno, no es chileno. Nunca tuvo castellano, artes plásticas, técnico manual. Nunca hizo el collar de fideos para la mamá. Nunca tuvo educación física, le dijo al profe, ""Profe, ¿qué hacemos?"" No sé, corran. Nunca....","El rodillo. Se junta con el amigo y venía el rodillo lleno de parches, hasta las pestañas están ahí enguesadas. Venía más golpeado que el pepe tape a salir del estadio. El amigo dice, ""Compañito, ¿qué te pasó?"" ""Ni no sa...","Y ahí está la familia chilena en Miami. De repente levantan la vista. Oh, amor, mira, amor, mira, mira, mira, mira, mira, mira. Gente tomando en la playa. Imagínense lo que es para un chileno ver gente tomando en la play..."
5,5_colegio_niños_papá_hijo,"Familia y crianza: colegio, niños, papá","Cluster con 292 segmentos (1974-2025) centrado en colegio, niños, papá, hijo, tac. Predomina en rutinas de Dino Gordillo, Javiera Contador.",Familia y crianza,292,1974,2025,"colegio, niños, papá, hijo, tac, niño, tac tac, padre, mamá, chico","Dino Gordillo, Javiera Contador, Alex Ortiz","de colegio, huevón. Y de repente cierra la carpeta, me la pasa y me dice ahí para que vayan viendo los aranceles, todas las huevadas. Y de repente yo abro la carpeta y digo, ""Conchetu ¿Sabe qué parece que hay un error aq...","Mira, esa fue la primera vez que yo me sentí mala madre, porque después han venido otras veces, pero esa fue la primera vez que yo me sentí mala madre. ¿Y sabéis qué? Otra vez que me sentí mala madre, es que cuando nos d...","Entonces Mira, y si tenemos problemas en la salud, ¿para qué decir en la educación? En los años 70 muchos de ustedes aprendieron a leer con un libro que se llamaba El ojo, cuando la educación era gratuita. Por eso que mu..."
6,6_quinta_vergara_público_quinta vergara,"Meta-humor de escenario: público, quinta vergara, gaviota","Cluster con 299 segmentos (1976-2025) centrado en público, quinta vergara, gaviota, muchas, oro. Predomina en rutinas de Dinamita Show, Bombo Fica.",Meta-humor de escenario,299,1976,2025,"público, quinta vergara, gaviota, muchas, oro, aplauso, antorcha, escenario","Dinamita Show, Bombo Fica, Stefan Kramer","Este público maravilloso de la Quinta Vergara quiere hacerte el regalo que tú te mereces por toda tu trayectoria en este festival, por ser el gran animador que eres y porque todo este público te ama, Anthony.","de oro. Señoras y señores. Muchas gracias. Ay. Gaviota de oro para Felipe Bello. También queremos cortarle esta gaviota. Es muy emocionante, que también es muy emocionante, que que hoy día te acompaña tu mamá, que es est...","Los quiero mucho. Irreverente, impredecible, travieso. Nunca sabemos lo que va a pasar con él en un escenario, pero siempre se sabe cuál va a ser el resultado. Ese aplauso con que ahora despide este público de Viña del M..."
7,7_vieja_suegra_abuela_abuelita,"Vida cotidiana y observación social: vieja, suegra, abuela","Cluster con 204 segmentos (1977-2025) centrado en vieja, suegra, abuela, abuelita, abuelo. Predomina en rutinas de Coco Legrand, Dino Gordillo.",Vida cotidiana y observación social,204,1977,2025,"vieja, suegra, abuela, abuelita, abuelo, oiga, olla, señora, viejo, casa","Coco Legrand, Dino Gordillo, Los Locos del Humor","...sacrificar al final. ¡Cómo gritaba la vieja! Bueno. El hecho es que esta abuela tenía, tenía una... No, no se moleste, junten para después. Bueno. Mi abuela tenía una vitrola, una vitrolita. Se le llamaba gramófono, g...","...tango en mi show. Y este, este... este tango lo aprendí, lo aprendí gracias a una abuela que yo tenía, linda abuela. De esas abuelas, sí, de esas abuelas de antes. No como vienen las abuelas de ahora, las abuelas mode...","Los viejos, los viejos están siendo abandonados y no está en la memoria de este país cuidarlo, no sé por qué. Tal vez porque el gran pecado fue haberles dejado un mundo desechable a los jóvenes. Por eso se quieren borrar..."
8,8_anthony_amas_your_you,"Vida cotidiana y observación social: anthony, amas, your","Cluster con 121 segmentos (1971-2025) centrado en anthony, amas, your, you, gonna. Predomina en rutinas de Gloria Benavides, Gilberto Gless.",Vida cotidiana y observación social,121,1971,2025,"anthony, amas, your, you, gonna, gonna do, playa playa, the, sororidad","Gloria Benavides, Gilberto Gless, Julio Sabala","Alone, why must I be alone? I spent so many hours with you. How can I be alone? I think, I think I dream alone. I think we were made for us to share and I dream alone. There's such a thing as forgiving, so why can't you...","Yo soy aquel que cada noche te persigue. Yo soy aquel que por quererte ya no vive. El que te espera, el que te sueña, el que quisiera ser dueño de tu amor, de tu amor. Yo soy aquel que por tenerte da la vida. Yo soy aque...","Tú eres mi hermano del alma, realmente el amigo. Que en todo camino y por nada estás siempre conmigo. Aunque eres un hombre aún tienes alma de niño. Aquel que me da su amistad, su respeto y cariño. Recuerdo que juntos Pa..."
9,9_auto_dijo dijo_micro_carabineros,"Transporte y calle: auto, dijo dijo, micro","Cluster con 231 segmentos (1973-2025) centrado en auto, dijo dijo, micro, carabineros, moto. Predomina en rutinas de Palta Meléndez, Juan Pablo López.",Transporte y calle,231,1973,2025,"auto, dijo dijo, micro, carabineros, moto, chancho, loco, chofer, metro, loro","Palta Meléndez, Juan Pablo López, Dino Gordillo","ningún problema. Porque a la llegada de San Bernardo El Lolo, oiga, se aspiraba más que ¿Qué le digo yo que ¿Qué qué podría hacer? Que pucha que se aspiraba, oiga, porque era una cosa impresionante así. Parecía testigo f...","Y la verdad que el otro día me reía, porque resulta que iba una señora, iba una señora manejando el auto así. Entonces, iba lo mejor manejando el auto cuando, de repente, un carabinero va; la señora le pone luz roja, se...","Yo estaba en una deuda con ustedes. Había empezado a contar el chiste de la moto y lo voy a terminar ahora. ¿Ah? Realmente se pasaron ahí, muchísimas gracias. El lolo llamado por teléfono porque ustedes saben cómo son lo..."
10,10_maestro_hora hora_ruperto_hora,"Vida cotidiana y observación social: maestro, hora hora, ruperto","Cluster con 160 segmentos (1973-2025) centrado en maestro, hora hora, ruperto, hora, juan pérez. Predomina en rutinas de Ruperto, Dinamita Show.",Vida cotidiana y observación social,160,1973,2025,"maestro, hora hora, ruperto, hora, juan pérez, pérez, pasando, favor, carrete","Ruperto, Dinamita Show, Gloria Benavides","Señor Bustos. Mucho gusto. Ando buscando a Horacio Sabedra, ¿lo han visto por ahí? Aquí está Horacio, casi lo piso. Maestro, yo quiero y en esta oportunidad que me deje dirigir la orquesta si me permite. ¿De parte de qui...","Por favor, este es un festival serio. Venga inmediatamente. Mira, lo que pasa, Anthony, es que el maestro Sabedra, como es chiquitito, le subió rápidamente el frío por las piernas. Y entonces le vinieron ganas de de lava...","No, no, no, no, no, se acerca. ¡No! ¡Ay, ay, ay, ay! No, no, ahí no. ¡Ay, chiquito! ¡Oh, Dios de la Quinta Verga! ¡Uh! ¡Wow! ¡Leo! ¡Ah! ¡Ah! ¡Ah! ¡Ah! ¡Ay! ¡No, socorro! ¡No! ¡Ah! ¡Ah! ¡Ah! ¡Ah! ¡Ah! ¡Ah! ¡Ah! ¡Estoy aqu..."
11,11_hijos_mamá_papá_hijo,"Familia y crianza: hijos, mamá, papá","Cluster con 223 segmentos (1974-2025) centrado en hijos, mamá, papá, hijo, hija. Predomina en rutinas de Edo Caroe, Javiera Contador.",Familia y crianza,223,1974,2025,"hijos, mamá, papá, hijo, hija, jesús, mamita, maternidad, cobucha, papás","Edo Caroe, Javiera Contador, Belén Mora","Esos carteles nos gustan, no el cartel del confort, de los pollos, esa huevada no nos gustan. Bueno, el matrimonio es algo muy difícil. La historia me da la razón, el matrimonio más difícil de la historia era el de San J...","Ser mujer es muy difícil. Ser mujer es un camino muy gratificante, es dignificante y maravilloso, pero es muy complicado incluso desde antes de nacer. Yo personalmente no tengo hijos y cada vez tengo menos ganas de tener...","sobre todo. Linda, tierna la figura del canguro humano. Yo pues no le he encontrado gracia alguna a ver si uno frente a un espejo completamente metamorfoseada, inflamada, estriada, flatulenta con un genio que el pobre ma..."
12,12_perro_perrito_selva_lobo,"Vida cotidiana y observación social: perro, perrito, selva","Cluster con 134 segmentos (1973-2025) centrado en perro, perrito, selva, lobo, caperucita. Predomina en rutinas de Dinamita Show, Stefan Kramer.",Vida cotidiana y observación social,134,1973,2025,"perro, perrito, selva, lobo, caperucita, chao chao, chao, roja, caperucita roja, loro","Dinamita Show, Stefan Kramer, Melón y Melame","A tomar. A tomar, tomar, tomar, tomar, tomar. Se me puso el pantalón. Va. No corras. Va, va. Tres por cuatro. Dos y me llevo una, va.","...nervioso, que la corriente del Niño en la colonia de Invierno. Ayer salí a pasear para la playa, me puse el traje de baño, dije: ""Voy a ir a pasear los chunchules un rato"". Iba caminando por la arena, si a repente una...","escena del bosque, cuento universal, pero con versión final chileno. Cabrocita roja le dice al lobo, ""Lobo, te estás poniendo a caer más colorado."" Sí, oh, sí sé. Lobo, se están asomando las venitas a la frente. Sí, oh,..."
13,13_ay ay_salta salta_salta_ay,"Vida cotidiana y observación social: ay ay, salta salta, salta","Cluster con 132 segmentos (1973-2024) centrado en ay ay, salta salta, salta, mosca, derecha. Predomina en rutinas de Hugo Varela, Gloria Benavides.",Vida cotidiana y observación social,132,1973,2024,"ay ay, salta salta, salta, mosca, derecha, derecha derecha, oh oh, bomba","Hugo Varela, Gloria Benavides, Jappening con ja","¡Todo el mundo salta! ¡Todo el mundo salta! ¡Todo el mundo salta! ¡Todo el mundo salta! ¡Todo el mundo salta! ¡Todo el mundo salta! ¡Muchas gracias, Chile! Perdón por la molestia. ¡Muchas gracias! ¡Miña Cora! ¡Miña Cora!","¡Bailaste! ¡Coniste! ¡Coniste! Ahora sí, todos juntos: ¡bailarte! ¡Coniste! ¡Bailaste! ¡Coniste! A ver, a ver, a ver, despacito. Vamos a ver si si esto se quiere chacotear. Todos se van a parar. Todos se paran para demos...","alguno por ahí que se siente como distinto. Como que lo empujan otros vientos, mariposa. O perrito, que eso, cada uno es su estilo. ¿Se animan entonces a que hagamos esta especie de juego canción a modo de despedida, sí?..."
14,14_ho_ho ho_aplauso_muchas,"Vida cotidiana y observación social: ho ho, aplauso, muchas","Cluster con 96 segmentos (1974-2025) centrado en ho ho, aplauso, muchas, corazón, chao. Predomina en rutinas de Dino Gordillo, Pedro Ruminot.",Vida cotidiana y observación social,96,1974,2025,"ho ho, aplauso, muchas, corazón, chao, muchísimas, cariño, fuerte","Dino Gordillo, Pedro Ruminot, Coco Legrand","El humor diferente, el humor de circunstancias, el humor de un amigo que una vez más retorna. Y junto con el aplauso para Hugo, yo pido un aplauso para la amistad de dos países que se abrazan en una cordillera. ¡Porque e...","Un millón de gracias, pásenlo muy bien y me voy muy agradecido a ustedes. Chao. Viña del Mar saluda Coco el Gran en esta noche. Su mejor saludo, su mejor recuerdo","Estados Unidos, va a la Casa Blanca y digo: ""El señor Bill Clinton está en Ohio, amigo"". Mil gracias de todo corazón. Ha sido un gran placer de haber estado con usted. El aplauso para el gran, gran Sandy. Bien, muchas gr..."
15,15_hombres_mujeres_mujer_hombre,"Vida cotidiana y observación social: hombres, mujeres, mujer","Cluster con 149 segmentos (1992-2025) centrado en hombres, mujeres, mujer, hombre, pedo. Predomina en rutinas de Daniela ""Chiqui"" Aguayo, Palta Meléndez.",Vida cotidiana y observación social,149,1992,2025,"hombres, mujeres, mujer, hombre, pedo, cartero, mina, baño, cartero cartero, pene","Daniela ""Chiqui"" Aguayo, Palta Meléndez, Jenny Cavallo","Muchos dicen, ""¿Por qué favorece a la mujer la mentira en comparación al hombre? Porque los cerebros no son iguales."" No. Los cerebros son distintos. El cerebro del hombre es monofuncional. ¿Qué quiere decir? Que el homb...","A las pocas feministas que hay acá, les quiero preguntar algo. ¿A ustedes les ha pasado que les dicen eh que hay mucha gente que nos dice a las feministas eso, ¿no? Que nos dicen como eh encuentro que está superbién su l...","siempre acostumbrado eh o tratado de de entregar un mensaje y y hoy como hombre chileno me gustaría hablar de feminismo. Yo no soy feminista. Porque no puedo hacerlo. Soy hombre. Yo antes decía: ""No, si yo soy feminista""..."
16,16_comida_comer_dieta_mamá,"Familia y crianza: comida, comer, dieta","Cluster con 122 segmentos (1974-2025) centrado en comida, comer, dieta, mamá, pan. Predomina en rutinas de Daniela ""Chiqui"" Aguayo, Belén Mora.",Familia y crianza,122,1974,2025,"comida, comer, dieta, mamá, pan, comió, hija, mamita, italiano, completo","Daniela ""Chiqui"" Aguayo, Belén Mora, Dinamita Show","Como toda mujer me gusta impresionar, mantener mi silueta esbelta bien estilizada. Hago dietas y no como tanto, siguiendo el régimen del lagarto. Como toda mujer, como toda mujer, como toda mujer, yo me puedo rentar y co...","No, hay que reconocer que estáis más delgado, porque antes tenía ahí más guata que las parrillas de la Lucas. Acuérdate que decía de gota de ácido, donde caía y comía ahí. Oye, si tenía mar un tarro palmito. Ya, sigue de...","¡Oh, Dios! Oh, my God. ¿Sabe qué? Estoy que me me cansé de tocar la guitarra. Cada tanto yo me como me No sé qué le pasa a usted, me canso de tocar la guitarra. Pero usted ya toca otra cosa. ¿Qué puede ser? A ver qué hay..."
17,17_natalia_chiqui_alison_javiera,"Meta-humor de escenario: natalia, chiqui, alison","Cluster con 79 segmentos (1974-2025) centrado en natalia, chiqui, alison, javiera, escenario. Predomina en rutinas de Alison Mandel, Natalia Cuevas.",Meta-humor de escenario,79,1974,2025,"natalia, chiqui, alison, javiera, escenario, colada, actriz, nati, javiera contador, piña colada","Alison Mandel, Natalia Cuevas, Javiera Contador","Muy bien, junto a nuestro jurado, al jurado internacional, vamos a avanzar esta noche para saludar a otro gran intérprete. Medio mundo lo aplaude y otro medio mundo lo quiere ver. He sido testigo de su éxito en muchos es...","Y llega un instante para relajarnos, para recrear el espíritu, para sonreír. Ella viene desde España; tiene talento, es actriz de radio, televisión y también de cine. Es una chistóloga que se juega una carta importante:...",¡Acá abajo! Parece que está más fuerte arriba. Punto tres. ¡Abajo! Vayan dándole fuerza al fon que todavía nos queda. Dicen que Martita Sánchez es figura excepcional. Ahora canta con Bo Cheli y su éxito ya es mundial por...
18,18_doctor_farmacia_examen_consulta,"Vida cotidiana y observación social: doctor, farmacia, examen","Cluster con 115 segmentos (1991-2025) centrado en doctor, farmacia, examen, consulta, viagra. Predomina en rutinas de Coco Legrand, Dino Gordillo.",Vida cotidiana y observación social,115,1991,2025,"doctor, farmacia, examen, consulta, viagra, pastilla, ginecólogo, señora, hospital","Coco Legrand, Dino Gordillo, Dinamita Show","""Oiga, no entendí nada"". Con el otorrinolaringólogo... no estaba el doctor, le dice a la enfermera: ""Buenos días, señorita. ¿Está el doctor?"". ""En este momento no, ¿por qué no lo espera en el hall?"". ""Mejor me quedo en l...","Se puede. Hm, hm, buenos días. ¿En qué le puedo ayudar, jefe? Hm, vengo a hospitalizarme. Será clínica a lizarme, porque esto es clínica, no es hospital. La silla en silla rueda, a a pie. ¿Cuánto pasó, tío? No sé, calcul...","Así con la inflamación para el parque Arauco, a comprarme las pantuflitas, los pijamitas. que compré una batita de seda que me costó el que tenía bueno. Y de ahí me acuerdo me llevaron a la clínica Germana, nunca lo voy..."
19,19_través_mar_viña_viña mar,"Vida cotidiana y observación social: través, mar, viña mar","Cluster con 77 segmentos (1973-2025) centrado en través, mar, viña mar, internacional, radio. Predomina en rutinas de Sandy, Gloria Benavides.",Vida cotidiana y observación social,77,1973,2025,"través, mar, viña mar, internacional, radio, hashtag, sandy, volvemos","Sandy, Gloria Benavides, Dino Gordillo","...poniendo el humor esta noche en Viña del Mar, 25.ª edición internacional del certamen de la música más importante de Chile y América.","Esto esto promete mucho, una gran carrera te espera. Y con esta imagen celebrando de Chiqui Aguayo, nos separamos brevemente. Al regreso estará conversando en el backstage la Chiqui acerca de sus impresiones, de sus sent...","Con Chiqui, acompáñanos, Chiqui, contigo. Nos vamos a una breve pausa. Volvemos con la competencia internacional de canciones y luego con Ya volvemos. Se vaya Villa 2025. Eso. Ya volvemos."
20,20_hermana_fea_curado_marihuana,"Vida cotidiana y observación social: hermana, fea, curado","Cluster con 98 segmentos (1974-2025) centrado en hermana, fea, curado, marihuana, jimmy. Predomina en rutinas de Hermógenes Conache, Dinamita Show.",Vida cotidiana y observación social,98,1974,2025,"hermana, fea, curado, marihuana, jimmy, copete, deporte, prima, borracho, hielo","Hermógenes Conache, Dinamita Show, Coco Legrand","Falta una hora para que comience el partido. Si es que yo me tengo que ir al teatro, güeón. Es así lo que está pasando con la violencia. Ahora, si vemos las noticias, por ejemplo, ¿qué pasa con el alcohol y las drogas? E...","para eso si te dije que no tenía plata ni mandar a pie. Otro día me fui a un micro, me estaban carteando, dije, ""Al las 11 que hay algo, mi timota."" Se fue caminando lo tito así, llega un cine y ustedes saben que en el v...","Estaba fumando, no, no hacemos nada. Eh, como decía yo para alejar los nervios. Oye, para ver si... todos los nervios, fui al médico para que me quitara las ganas de fumar. Pero si estáis fumando adentro, po. Pero sin ga..."
21,21_buenas noches_noches_buenas_pecadora,"Vida cotidiana y observación social: buenas noches, noches, buenas","Cluster con 80 segmentos (1978-2025) centrado en buenas noches, noches, buenas, pecadora, amable. Predomina en rutinas de Ricardo Meruane, Dino Gordillo.",Vida cotidiana y observación social,80,1978,2025,"buenas noches, noches, buenas, pecadora, amable, burrito, muchas, bam, hola, muchas muchas","Ricardo Meruane, Dino Gordillo, Natalia Cuevas","Muchas gracias, muy buenas noches, muchas gracias.","Adiós, amigo. Muchas gracias. Adiós. Adiós, amigo.","Gracias. Gracias. Amigos. Gracias. Oye, tranquilo. Gracias, muchachos. Gracias, muchachos. Amigos, queremos decirles algo. Gracias. Pero les queremos decir algo."
22,22_verdad_agradecer_emocionado_quiero agradecer,"Meta-humor de escenario: verdad, agradecer, emocionado","Cluster con 83 segmentos (1977-2025) centrado en verdad, agradecer, emocionado, quiero agradecer, muchas. Predomina en rutinas de Stefan Kramer, Juan Pablo López.",Meta-humor de escenario,83,1977,2025,"verdad, agradecer, emocionado, quiero agradecer, muchas, sido, corazón, agradezco, palabra, público","Stefan Kramer, Juan Pablo López, Edo Caroe",Qué lindo y qué merecido otros aplausos para un artista que ha mostrado una nueva faceta. Yo le quiero agradecer el premio en todo caso y la única forma que yo puedo decirle muchas gracias por estar con nosotros es brind...,Gracias. ¡Muchísimas gracias! Gracias. Gracias. ¡Muchísimas gracias de corazón! Gracias. Muchísimas gracias. Gracias de corazón. No. Gracias. Gracias por este apoyo maravilloso que me brindan esta noche. Gracias. Gracias...,"Se ha cumplido un sueño importante para este artista que imaginó en más de una oportunidad de estar con ustedes en una noche como hoy. Gracias, gracias."
23,23_amante_marido_mujer_matrimonio,"Relaciones y vida amorosa: amante, marido, mujer","Cluster con 89 segmentos (1974-2025) centrado en amante, marido, mujer, matrimonio, tenis. Predomina en rutinas de Dino Gordillo, Ernesto Belloni.",Relaciones y vida amorosa,89,1974,2025,"amante, marido, mujer, matrimonio, tenis, mírala, toallita, supermercado, naricita, cambian","Dino Gordillo, Ernesto Belloni, Jenny Cavallo","Ese que se gasta 500 lucas con la amante, pide hasta préstamos para mantenerla y ni se queja. Y en la mañana, cuando se da la pega, la mujer toda amorosa le dice: «Negro, déjate una luquita para fruta». Te acorta la boca...","El marido la queda mirando. El marido la queda mirando y le dice, ""A ver, a ver, ¿qué le está diciendo? Repíteme."" Cuando Mira, cuando es tan fácil llevar una buena relación matrimonial, especialmente cuando la mujer te...","dos damas bastante entradas en edad y le dice una a la otra: «¿Está, eh, con tratamiento con tu marido?». «Sí, él trata y yo miento». Y un día dice que le pregunta al esposo: «Oye, maridito, ¿nosotros tenemos orgasmo?»...."
24,24_amor_dije_pa_pa pa,"Vida cotidiana y observación social: amor, dije, pa pa","Cluster con 96 segmentos (1973-2025) centrado en amor, dije, pa pa, conejo, dar beso. Predomina en rutinas de Dinamita Show, Paul Vásquez ""El Flaco"".",Vida cotidiana y observación social,96,1973,2025,"amor, dije, pa pa, conejo, dar beso, paul, dio, amor voy, beso","Dinamita Show, Paul Vásquez ""El Flaco"", Bombo Fica","Cuando la vi me enamoré, me enamoré como por vez primera. Por ella sí me amó siempre, y me agarré como sapo de pera. Era tan linda, más linda que la cresta. Sus ojos tumios, mi corazón aún cautivo. ¡Hey, tú, muchacha tri...",¿para qué me toca ahí el mío? Cuando llegué una gran oportunidad me recibió. Y el che se vino con su trutruca me cautivó. Como de las a mí me brindaron un platitud. Y un lindo chico que estaba atrás me tocó el full truck...,"yo no saqué pecho la quedé mirando, le dije, ""¿Sabés qué? Más flaca."" Muchas gracias. Gracias. Como buen chileno saqué pecho, la quedé mirando y le dije, ""¿Sabés qué? Más flaca."" ""Empecemos con el meneíto, el meneíto. Es..."
25,25_bailar_fiesta_bailemos_baile,"Parodias musicales: bailar, fiesta, bailemos","Cluster con 71 segmentos (1973-2025) centrado en bailar, fiesta, bailemos, baile, discoteca. Predomina en rutinas de Dinamita Show, Javiera Contador.",Parodias musicales,71,1973,2025,"bailar, fiesta, bailemos, baile, discoteca, beto, bailando, mina, música, cachete","Dinamita Show, Javiera Contador, Melón y Melame","...y la mía no, no va con mi amor. Si me preguntan que si no que yo bailo, yo le contesto «latinoamericano». Si me pregunta el mismo que yo bailo, yo le contesto «latinoamericano». Cha-con-cha. Y lo que pregunta, cha-con...","Casa Antonio, ahora te veo. ¿Y qué mejor canción que la fiesta para todos ustedes? Dice así, ""Arriba, vamos allá. Viña del Mar, arriba es tu corazón."" ¡Ah! La gente va llegando al baile, la gente va llegando al baile y t...","vino blanco, del otro, mucha gente y la casa. La casa nueva, nuestra casa, fruto de tantos años llenos de penas blancas. Primero hubo discursos, me felicitaron, hasta formaron fotos con la vieja abrazados. Luego, como es..."
26,26_celular_pegado_teléfono_whatsapp,"Vida cotidiana y observación social: celular, pegado, teléfono","Cluster con 72 segmentos (1974-2025) centrado en celular, pegado, teléfono, whatsapp, llamar. Predomina en rutinas de Los Atletas de la Risa, Paulo Iglesias.",Vida cotidiana y observación social,72,1974,2025,"celular, pegado, teléfono, whatsapp, llamar, alvarito, tablet, plan, momia, tic","Los Atletas de la Risa, Paulo Iglesias, George Harris","Ahora cualquier gil tiene celular. Yo tengo. Sí, así uno soy gil. Yo tengo el teléfono. Miren, cabro, yo no soy muy tecnológico, pero me compré esta hueá. Ya. Parece botiquín la hueá. Que soy cachipo, tremenda cuestiónci...","No cuelga, tú primero. No, después de ti. Y si eso no era para ver quién cuelga primero. Y si le cuelga a él, lo vuelve a llamar. ¿Por qué me colgaste? Y y ¿Quién paga las cuentas? Bolas tristes, ¿quién otro? Si bolas tr...","No, que que venía en otra infeliz, preocupado de manejar. No, y ahora el tema de los celulares apareció hasta un celular, un celular light para guatones. Viene sin menú, viene sin menú. ¿Cómo está la galería por allá? Ha..."
27,27_soltera_bebé_arturo vidal_tinder,"Relaciones y vida amorosa: soltera, bebé, arturo vidal","Cluster con 64 segmentos (1973-2025) centrado en soltera, bebé, arturo vidal, tinder, vidal. Predomina en rutinas de Daniela ""Chiqui"" Aguayo, Alison Mandel.",Relaciones y vida amorosa,64,1973,2025,"soltera, bebé, arturo vidal, tinder, vidal, sacó, sucio, mino, arturo, novia","Daniela ""Chiqui"" Aguayo, Alison Mandel, Dinamita Show","Este es este es chicharrones. No me aprendí a mí que yo soy un hombre macho, que las mujeres me aman, las mujeres me quieren. Las mujeres me adoran a mí y no son fieles y leales. Espérate, estás dando el teléfono. ¿Aló?...","Incluso dicen por ahí que yo soy un long play. ¡Play boy, huevón! Eso. Eso era. Claro. ¡Qué play! Y que cuando uno tiene suerte con las mujeres, naturalmente se casa. ¿Y qué hace antes de casarse? Ir a pedir la, la mano...","Y esos matrimonios de día bien estáis fijado que son una lata, un día sábado te creo, pero un viernes son una lata y vos habéis visto como son los matrimonios clase media que son como son generosos, los gallos son matrim..."
28,28_puta puta_noticias_puta_ta,"Televisión y medios: puta puta, noticias, puta","Cluster con 54 segmentos (1989-2025) centrado en puta puta, noticias, puta, tele, ta ta. Predomina en rutinas de Pedro Ruminot, Bombo Fica.",Televisión y medios,54,1989,2025,"puta puta, noticias, puta, tele, ta ta, muestran, noticia, matinales, cobucha","Pedro Ruminot, Bombo Fica, Belén Mora","...queda algo más para despedirse esta noche. Arturo. ""Esto es problema para mí, porque a mí me gusta actuar con las manos"". A mí siempre... ¿sabéis que siempre me dicen: ""¿Y por qué tú no trabajáis en teleserie?""? Es qu...","Buenas noches. Se han dado cuenta que las noticias ahora no se leen de estado en el escritorio como pasó de moda eso. Ahora son con tablitas así como que están jardineando. Ven a ver la noticia, están como corriendo así,...","abundan las noticias que no lo son. Seamos realistas: cuando hay una noticia importante, ¿dónde la ponen? Entre el perro que baila tap y el water que suena como chuca, ahí entremedio. Ahí va la noticia. Y esto, esta esta..."
29,29_reggaeton_calmado_dale_ten,"Parodias musicales: reggaeton, calmado, dale","Cluster con 39 segmentos (1973-2024) centrado en reggaeton, calmado, dale, ten, bling. Predomina en rutinas de Mauricio Palma, Los Locos del Humor.",Parodias musicales,39,1973,2024,"reggaeton, calmado, dale, ten, bling, perreo, kiko, rumbera, canciones, mix","Mauricio Palma, Los Locos del Humor, Stefan Kramer","¿Está en pana que tiene el capó abierto? No, está hostezando, me contestó. Hasta ven con la calla. Y nos vamos con esos tiempos de mi abuelo cuando decía rápidamente. Ahora todos, a ver, dale. Con Como me llegan recuerdo...","Ya. Ya. ¡Ay, ay, ay! Oye, en todo caso las canciones han cambiado, la forma de ser. Antes se le cantaba el romanticismo. Sí, antes era diferente las canciones, no como ahora que hablan de la cintura para abajo, con las c...","Los reggaetones, los reggaetones, somos los dueños de este género, los dueños del perreo y qué es lo que tú quieres que me lleve el tiburón. Y dice, ""Pelando tomate la conocí, cuéntale, cuéntale que la conocí, pelando to..."
