decade,topic_id,weighted_mass,decade_mass,prevalence_pct,topic_name
1970,1,2.6917469765820026,17.134112699932817,15.709870850753521,1_canción_almas_cantar_vivo vivo
1970,2,2.0,17.134112699932817,11.67262078302918,2_chiste_programa_hoy hoy_chistes
1970,3,1.1072422730362275,17.134112699932817,6.462209584045568,3_humor_quinta_quinta vergara_vergara
1970,4,0.3582625540388792,17.134112699932817,2.090931467027668,4_chileno_chile_argentino_chilenos
1970,5,0.282289499444651,17.134112699932817,1.6475291390242686,5_colegio_niños_papá_hijo
1970,8,4.85356416945538,17.134112699932817,28.326906998075312,8_anthony_amas_your_you
1970,9,1.0,17.134112699932817,5.83631039151459,9_auto_dijo dijo_micro_carabineros
1970,10,0.42219140758786466,17.134112699932817,2.464040099313226,10_maestro_hora hora_ruperto_hora
1970,12,1.484584119388476,17.134112699932817,8.664493723064497,12_perro_perrito_selva_lobo
1970,14,0.6012069921689602,17.134112699932817,3.5088306158469327,14_ho_ho ho_aplauso_muchas
1970,19,0.3330247082303776,17.134112699932817,1.9436355652760668,19_través_mar_viña_viña mar
1970,21,1.0,17.134112699932817,5.83631039151459,21_buenas noches_noches_buenas_pecadora
1970,22,1.0,17.134112699932817,5.83631039151459,22_verdad_agradecer_emocionado_quiero agradecer
1980,4,0.4789575845013327,13.612441192330364,3.518528217930455,4_chileno_chile_argentino_chilenos
1980,7,2.0,13.612441192330364,14.692441801892645,7_vieja_suegra_abuela_abuelita
1980,9,3.1381848121529314,13.612441192330364,23.053798858070177,9_auto_dijo dijo_micro_carabineros
1980,12,1.2913358970363669,13.612441192330364,9.486438756950827,12_perro_perrito_selva_lobo
1980,13,2.0,13.612441192330364,14.692441801892645,13_ay ay_salta salta_salta_ay
1980,14,2.0,13.612441192330364,14.692441801892645,14_ho_ho ho_aplauso_muchas
1980,19,1.38815768557394,13.612441192330364,10.19771300357255,19_través_mar_viña_viña mar
1980,22,0.3158052130657938,13.612441192330364,2.319974856851741,22_verdad_agradecer_emocionado_quiero agradecer
1980,29,1.0,13.612441192330364,7.346220900946323,29_reggaeton_calmado_dale_ten
1990,0,0.8582337222238519,108.75105036420473,0.7891728119863185,0_presidente_país_huevón_pesos
1990,1,3.4840636084577516,108.75105036420473,3.2037057083951868,1_canción_almas_cantar_vivo vivo
1990,2,3.457341233851785,108.75105036420473,3.179133647236721,2_chiste_programa_hoy hoy_chistes
1990,3,8.026040987108532,108.75105036420473,7.3801962925686775,3_humor_quinta_quinta vergara_vergara
1990,4,8.69051505475217,108.75105036420473,7.99120102808004,4_chileno_chile_argentino_chilenos
1990,5,1.7546709127379776,108.75105036420473,1.6134749106897135,5_colegio_niños_papá_hijo
1990,6,1.7615181402214029,108.75105036420473,1.6197711510115256,6_quinta_vergara_público_quinta vergara
1990,7,4.411918103248999,108.75105036420473,4.056897003269015,7_vieja_suegra_abuela_abuelita
1990,8,7.321914709210442,108.75105036420473,6.732730106688185,8_anthony_amas_your_you
1990,9,4.784479157342885,108.75105036420473,4.399478571765307,9_auto_dijo dijo_micro_carabineros
1990,10,4.620118982820674,108.75105036420473,4.248344238835398,10_maestro_hora hora_ruperto_hora
1990,12,7.227547816312868,108.75105036420473,6.645956790401545,12_perro_perrito_selva_lobo
1990,13,10.973535084268242,108.75105036420473,10.090509514637448,13_ay ay_salta salta_salta_ay
1990,14,5.252605309219755,108.75105036420473,4.829935243502387,14_ho_ho ho_aplauso_muchas
1990,15,0.6277336183811207,108.75105036420473,0.5772207406538654,15_hombres_mujeres_mujer_hombre
1990,16,2.0,108.75105036420473,1.8390626971436568,16_comida_comer_dieta_mamá
1990,17,3.273301692966546,108.75105036420473,3.009903520015977,17_natalia_chiqui_alison_javiera
1990,18,1.5496232535971124,108.75105036420473,1.424927160158417,18_doctor_farmacia_examen_consulta
1990,19,5.0,108.75105036420473,4.597656742859142,19_través_mar_viña_viña mar
1990,20,3.0,108.75105036420473,2.758594045715485,20_hermana_fea_curado_marihuana
1990,21,5.2414223295056415,108.75105036420473,4.8196521430848165,21_buenas noches_noches_buenas_pecadora
1990,22,1.9406455506245095,108.75105036420473,1.7844844202656736,22_verdad_agradecer_emocionado_quiero agradecer
1990,23,3.0052733416896706,108.75105036420473,2.763443048710868,23_amante_marido_mujer_matrimonio
1990,24,2.0,108.75105036420473,1.8390626971436568,24_amor_dije_pa_pa pa
1990,25,4.0,108.75105036420473,3.6781253942873136,25_bailar_fiesta_bailemos_baile
1990,26,1.0,108.75105036420473,0.9195313485718284,26_celular_pegado_teléfono_whatsapp
1990,27,1.9113297852201858,108.75105036420473,1.7575276549690206,27_soltera_bebé_arturo vidal_tinder
1990,28,0.5772179704426011,108.75105036420473,0.5307700187809787,28_puta puta_noticias_puta_ta
1990,29,1.0,108.75105036420473,0.9195313485718284,29_reggaeton_calmado_dale_ten
2000,0,4.880286124801618,200.13537126976286,2.4384925532346156,0_presidente_país_huevón_pesos
2000,1,13.50334732593188,200.13537126976286,6.747106840864572,1_canción_almas_cantar_vivo vivo
2000,2,8.641677316124426,200.13537126976286,4.317916049170685,2_chiste_programa_hoy hoy_chistes
2000,3,6.810561626744652,200.13537126976286,3.4029774864557463,3_humor_quinta_quinta vergara_vergara
2000,4,4.69921932784809,200.13537126976286,2.3480203914149707,4_chileno_chile_argentino_chilenos
2000,5,4.123699574860169,200.13537126976286,2.060455155276788,5_colegio_niños_papá_hijo
2000,6,6.562307636144819,200.13537126976286,3.2789344504722617,6_quinta_vergara_público_quinta vergara
2000,7,13.76974822112991,200.13537126976286,6.880217191877412,7_vieja_suegra_abuela_abuelita
2000,8,10.970248891756464,200.13537126976286,5.481414315798102,8_anthony_amas_your_you
2000,9,8.39106146920086,200.13537126976286,4.192692883803399,9_auto_dijo dijo_micro_carabineros
2000,10,14.36725732393067,200.13537126976286,7.178769666140132,10_maestro_hora hora_ruperto_hora
2000,12,12.54579216864691,200.13537126976286,6.268653106669691,12_perro_perrito_selva_lobo
2000,13,9.079682227131068,200.13537126976286,4.536770371736312,13_ay ay_salta salta_salta_ay
2000,14,3.3289413845375684,200.13537126976286,1.6633448467489946,14_ho_ho ho_aplauso_muchas
2000,15,10.2600932783027,200.13537126976286,5.126576683175659,15_hombres_mujeres_mujer_hombre
2000,16,3.0,200.13537126976286,1.4989854022137317,16_comida_comer_dieta_mamá
2000,17,11.524500617114695,200.13537126976286,5.75835273095269,17_natalia_chiqui_alison_javiera
2000,18,7.662426435688601,200.13537126976286,3.828621790877936,18_doctor_farmacia_examen_consulta
2000,19,0.4588415312631854,200.13537126976286,0.2292655857643035,19_través_mar_viña_viña mar
2000,20,5.0,200.13537126976286,2.498309003689553,20_hermana_fea_curado_marihuana
2000,21,7.45195244457258,200.13537126976286,3.72345597746841,21_buenas noches_noches_buenas_pecadora
2000,22,6.072496972483614,200.13537126976286,3.0341947722466727,22_verdad_agradecer_emocionado_quiero agradecer
2000,23,3.2202965491468056,200.13537126976286,1.6090591726567722,23_amante_marido_mujer_matrimonio
2000,24,4.0,200.13537126976286,1.9986472029516422,24_amor_dije_pa_pa pa
2000,25,4.344656632233038,200.13537126976286,2.170858956449466,25_bailar_fiesta_bailemos_baile
2000,26,5.0,200.13537126976286,2.498309003689553,26_celular_pegado_teléfono_whatsapp
2000,27,6.466276190168541,200.13537126976286,3.2309512052482887,27_soltera_bebé_arturo vidal_tinder
2000,28,2.0,200.13537126976286,0.9993236014758211,28_puta puta_noticias_puta_ta
2000,29,2.0,200.13537126976286,0.9993236014758211,29_reggaeton_calmado_dale_ten
2010,0,17.197707984087554,358.6116570328367,4.795635514579166,0_presidente_país_huevón_pesos
2010,1,5.27324944747956,358.6116570328367,1.4704623634129965,1_canción_almas_cantar_vivo vivo
2010,2,17.44277219812976,358.6116570328367,4.86397244932074,2_chiste_programa_hoy hoy_chistes
2010,3,9.533137024285644,358.6116570328367,2.658345549378706,3_humor_quinta_quinta vergara_vergara
2010,4,13.803695816741367,358.6116570328367,3.8492044377345533,4_chileno_chile_argentino_chilenos
2010,5,7.68947193058739,358.6116570328367,2.144233680023205,5_colegio_niños_papá_hijo
2010,6,22.342966314173644,358.6116570328367,6.23040714823383,6_quinta_vergara_público_quinta vergara
2010,7,28.0612268503701,358.6116570328367,7.824962267693556,7_vieja_suegra_abuela_abuelita
2010,8,2.2034468850735873,358.6116570328367,0.6144381650348377,8_anthony_amas_your_you
2010,9,10.885008190934611,358.6116570328367,3.035319119572823,9_auto_dijo dijo_micro_carabineros
2010,10,6.926217693702897,358.6116570328367,1.9313978109386136,10_maestro_hora hora_ruperto_hora
2010,11,7.612198358381077,358.6116570328367,2.1226856988879357,11_hijos_mamá_papá_hijo
2010,12,7.000261997015251,358.6116570328367,1.9520453001822704,12_perro_perrito_selva_lobo
2010,13,1.2856279160211777,358.6116570328367,0.35850142927826173,13_ay ay_salta salta_salta_ay
2010,14,10.378970543238783,358.6116570328367,2.8942089136518003,14_ho_ho ho_aplauso_muchas
2010,15,16.84075674780238,358.6116570328367,4.696098528180398,15_hombres_mujeres_mujer_hombre
2010,16,13.406931807117425,358.6116570328367,3.7385655329909713,16_comida_comer_dieta_mamá
2010,17,9.541975711112897,358.6116570328367,2.660810245284128,17_natalia_chiqui_alison_javiera
2010,18,19.21991297694325,358.6116570328367,5.359533802099287,18_doctor_farmacia_examen_consulta
2010,19,7.2165258047659835,358.6116570328367,2.0123511501203635,19_través_mar_viña_viña mar
2010,20,9.254837782609988,358.6116570328367,2.580740921582077,20_hermana_fea_curado_marihuana
2010,21,8.02022966557013,358.6116570328367,2.2364665253577485,21_buenas noches_noches_buenas_pecadora
2010,22,11.834741055913533,358.6116570328367,3.3001551466102703,22_verdad_agradecer_emocionado_quiero agradecer
2010,23,16.178708365208205,358.6116570328367,4.511484233131546,23_amante_marido_mujer_matrimonio
2010,24,11.673759616350244,358.6116570328367,3.255264960692932,24_amor_dije_pa_pa pa
2010,25,12.67072519705332,358.6116570328367,3.533271980585146,25_bailar_fiesta_bailemos_baile
2010,26,9.805738344925807,358.6116570328367,2.734361293790272,26_celular_pegado_teléfono_whatsapp
2010,27,18.586548477082587,358.6116570328367,5.182918098889543,27_soltera_bebé_arturo vidal_tinder
2010,28,12.232231764029878,358.6116570328367,3.410996693537438,28_puta puta_noticias_puta_ta
2010,29,14.492074566128682,358.6116570328367,4.041161039224583,29_reggaeton_calmado_dale_ten
2020,0,11.75281329095192,225.98022363970267,5.200814965866357,0_presidente_país_huevón_pesos
2020,1,9.40336168238185,225.98022363970267,4.161143630592357,1_canción_almas_cantar_vivo vivo
2020,2,22.015775026201617,225.98022363970267,9.742345888330046,2_chiste_programa_hoy hoy_chistes
2020,3,10.391292649478027,225.98022363970267,4.598319482170993,3_humor_quinta_quinta vergara_vergara
2020,4,12.22221013600809,225.98022363970267,5.408530861308856,4_chileno_chile_argentino_chilenos
2020,5,17.04895842033957,225.98022363970267,7.544447096185731,5_colegio_niños_papá_hijo
2020,6,3.244374405129315,225.98022363970267,1.4356895275500152,6_quinta_vergara_público_quinta vergara
2020,7,9.401729291610552,225.98022363970267,4.1604212705800485,7_vieja_suegra_abuela_abuelita
2020,8,1.4737019405757996,225.98022363970267,0.6521375706422142,8_anthony_amas_your_you
2020,9,8.26158144430594,225.98022363970267,3.6558869228654283,9_auto_dijo dijo_micro_carabineros
2020,10,6.202205724092965,225.98022363970267,2.7445789831510257,10_maestro_hora hora_ruperto_hora
2020,11,18.18833649527629,225.98022363970267,8.048640806850129,11_hijos_mamá_papá_hijo
2020,12,1.2594979798723231,225.98022363970267,0.5573487624653545,12_perro_perrito_selva_lobo
2020,13,2.3259373222460895,225.98022363970267,1.0292658732626563,13_ay ay_salta salta_salta_ay
2020,14,6.771343403825559,225.98022363970267,2.9964318535331755,14_ho_ho ho_aplauso_muchas
2020,15,0.4626050960745841,225.98022363970267,0.20471043378209516,15_hombres_mujeres_mujer_hombre
2020,16,12.577177017786857,225.98022363970267,5.565609598581334,16_comida_comer_dieta_mamá
2020,17,9.205844427987012,225.98022363970267,4.073738966939242,17_natalia_chiqui_alison_javiera
2020,18,3.0,225.98022363970267,1.327549796916356,18_doctor_farmacia_examen_consulta
2020,19,10.275089889130648,225.98022363970267,4.546897831870898,19_través_mar_viña_viña mar
2020,20,9.0,225.98022363970267,3.982649390749068,20_hermana_fea_curado_marihuana
2020,21,2.9287500743628505,225.98022363970267,1.2960205221463883,21_buenas noches_noches_buenas_pecadora
2020,22,4.50957185515433,225.98022363970267,1.9955604001632818,22_verdad_agradecer_emocionado_quiero agradecer
2020,23,4.0,225.98022363970267,1.7700663958884748,23_amante_marido_mujer_matrimonio
2020,24,6.619374300544409,225.98022363970267,2.9291830028003583,24_amor_dije_pa_pa pa
2020,25,2.639280708384911,225.98022363970267,1.167925522807215,25_bailar_fiesta_bailemos_baile
2020,26,7.304859019128456,225.98022363970267,3.232521369115531,26_celular_pegado_teléfono_whatsapp
2020,27,1.4945520388527016,225.98022363970267,0.6613640852199433,27_soltera_bebé_arturo vidal_tinder
2020,28,8.0,225.98022363970267,3.5401327917769496,28_puta puta_noticias_puta_ta
2020,29,4.0,225.98022363970267,1.7700663958884748,29_reggaeton_calmado_dale_ten
