year,topic_id,weighted_mass,year_mass,prevalence_pct,topic_name
1973,1,0.3858419301203263,3.579878413570883,10.778073597629643,1_canción_almas_cantar_vivo vivo
1973,3,0.4400836781948841,3.579878413570883,12.293257685137585,3_humor_quinta_quinta vergara_vergara
1973,8,1.2573501091762482,3.579878413570883,35.12270429101131,8_anthony_amas_your_you
1973,10,0.2148372459759646,3.579878413570883,6.001244208784934,10_maestro_hora hora_ruperto_hora
1973,12,1.2817654501034597,3.579878413570883,35.80472021743652,12_perro_perrito_selva_lobo
1974,2,1.0,2.856121762074899,35.012512886478824,2_chiste_programa_hoy hoy_chistes
1974,3,0.2950405387510038,2.856121762074899,10.330110665053175,3_humor_quinta_quinta vergara_vergara
1974,4,0.3582625540388792,2.856121762074899,12.543672290029074,4_chileno_chile_argentino_chilenos
1974,8,1.0,2.856121762074899,35.012512886478824,8_anthony_amas_your_you
1974,12,0.2028186692850163,2.856121762074899,7.1011912719601185,12_perro_perrito_selva_lobo
1976,3,0.3721180560903396,0.3721180560903396,100.0,3_humor_quinta_quinta vergara_vergara
1977,1,0.3059050464616763,2.1094732683527084,14.501489592260068,1_canción_almas_cantar_vivo vivo
1977,8,0.5962140602791318,2.1094732683527084,28.263646153938538,8_anthony_amas_your_you
1977,10,0.2073541616119001,2.1094732683527084,9.829665287667918,10_maestro_hora hora_ruperto_hora
1977,22,1.0,2.1094732683527084,47.40519896613347,22_verdad_agradecer_emocionado_quiero agradecer
1978,1,1.0,5.31522448066266,18.81388083679446,1_canción_almas_cantar_vivo vivo
1978,2,1.0,5.31522448066266,18.81388083679446,2_chiste_programa_hoy hoy_chistes
1978,8,2.0,5.31522448066266,37.62776167358892,8_anthony_amas_your_you
1978,14,0.3152244806626598,5.31522448066266,5.930595816027701,14_ho_ho ho_aplauso_muchas
1978,21,1.0,5.31522448066266,18.81388083679446,21_buenas noches_noches_buenas_pecadora
1979,1,1.0,2.901296719181329,34.4673467346068,1_canción_almas_cantar_vivo vivo
1979,5,0.282289499444651,2.901296719181329,9.72977005689738,5_colegio_niños_papá_hijo
1979,9,1.0,2.901296719181329,34.4673467346068,9_auto_dijo dijo_micro_carabineros
1979,14,0.2859825115063005,2.901296719181329,9.857058384121338,14_ho_ho ho_aplauso_muchas
1979,19,0.3330247082303776,2.901296719181329,11.478478089767687,19_través_mar_viña_viña mar
1980,4,0.4789575845013327,4.342897445813683,11.028526242613024,4_chileno_chile_argentino_chilenos
1980,9,2.86393986131235,4.342897445813683,65.9453716567273,9_auto_dijo dijo_micro_carabineros
1980,14,1.0,4.342897445813683,23.02610210065968,14_ho_ho ho_aplauso_muchas
1984,9,0.2742449508405813,2.2742449508405813,12.058725281074842,9_auto_dijo dijo_micro_carabineros
1984,19,1.0,2.2742449508405813,43.97063735946258,19_través_mar_viña_viña mar
1984,29,1.0,2.2742449508405813,43.97063735946258,29_reggaeton_calmado_dale_ten
1988,12,1.0,1.0,100.0,12_perro_perrito_selva_lobo
1989,7,2.0,5.9952987956761,33.359471615366864,7_vieja_suegra_abuela_abuelita
1989,12,0.2913358970363668,5.9952987956761,4.859405793861061,12_perro_perrito_selva_lobo
1989,13,2.0,5.9952987956761,33.359471615366864,13_ay ay_salta salta_salta_ay
1989,14,1.0,5.9952987956761,16.679735807683432,14_ho_ho ho_aplauso_muchas
1989,19,0.3881576855739398,5.9952987956761,6.47436764709517,19_través_mar_viña_viña mar
1989,22,0.3158052130657938,5.9952987956761,5.267547520626616,22_verdad_agradecer_emocionado_quiero agradecer
1990,1,0.2479808210049945,2.9651555298995707,8.363164039944763,1_canción_almas_cantar_vivo vivo
1990,4,1.0,2.9651555298995707,33.725043759639476,4_chileno_chile_argentino_chilenos
1990,6,0.360052344427626,2.9651555298995707,12.14278107158247,6_quinta_vergara_público_quinta vergara
1990,7,0.3571223644669499,2.9651555298995707,12.043967369193803,7_vieja_suegra_abuela_abuelita
1990,16,1.0,2.9651555298995707,33.725043759639476,16_comida_comer_dieta_mamá
1991,0,0.8582337222238519,8.881925812435103,9.662698612301911,0_presidente_país_huevón_pesos
1991,1,0.244917783596964,8.881925812435103,2.7574851306916783,1_canción_almas_cantar_vivo vivo
1991,4,2.847236144754691,8.881925812435103,32.05651797686072,4_chileno_chile_argentino_chilenos
1991,5,0.2167987355121216,8.881925812435103,2.4408978423192123,5_colegio_niños_papá_hijo
1991,7,0.3054177856020678,8.881925812435103,3.4386437361869078,7_vieja_suegra_abuela_abuelita
1991,9,2.156716331525653,8.881925812435103,24.28208000235885,9_auto_dijo dijo_micro_carabineros
1991,14,1.2526053092197542,8.881925812435103,14.102857146881922,14_ho_ho ho_aplauso_muchas
1991,20,1.0,8.881925812435103,11.258819552398807,20_hermana_fea_curado_marihuana
1992,1,0.3738666824811436,0.829415717579454,45.07591001195718,1_canción_almas_cantar_vivo vivo
1992,3,0.2032409599595873,0.829415717579454,24.504112431425895,3_humor_quinta_quinta vergara_vergara
1992,23,0.2523080751387231,0.829415717579454,30.419977556616924,23_amante_marido_mujer_matrimonio
1993,3,1.0,8.473481947187208,11.80152393352242,3_humor_quinta_quinta vergara_vergara
1993,4,0.2305275710899513,8.473481947187208,2.7205766475548514,4_chileno_chile_argentino_chilenos
1993,9,0.4546663130207565,8.473481947187208,5.365755374880854,9_auto_dijo dijo_micro_carabineros
1993,13,2.0,8.473481947187208,23.60304786704484,13_ay ay_salta salta_salta_ay
1993,14,1.0,8.473481947187208,11.80152393352242,14_ho_ho ho_aplauso_muchas
1993,17,0.2733016929665459,8.473481947187208,3.2253764706168875,17_natalia_chiqui_alison_javiera
1993,18,1.0,8.473481947187208,11.80152393352242,18_doctor_farmacia_examen_consulta
1993,21,0.2414223295056414,8.473481947187208,2.849151399747563,21_buenas noches_noches_buenas_pecadora
1993,22,1.0,8.473481947187208,11.80152393352242,22_verdad_agradecer_emocionado_quiero agradecer
1993,25,1.0,8.473481947187208,11.80152393352242,25_bailar_fiesta_bailemos_baile
1993,27,0.2735640406043131,8.473481947187208,3.2284725725429,27_soltera_bebé_arturo vidal_tinder
1994,2,1.0,8.561377207427496,11.680363751902457,2_chiste_programa_hoy hoy_chistes
1994,3,0.3034455335262008,8.561377207427496,3.544354210476137,3_humor_quinta_quinta vergara_vergara
1994,8,1.0,8.561377207427496,11.680363751902457,8_anthony_amas_your_you
1994,12,1.0,8.561377207427496,11.680363751902457,12_perro_perrito_selva_lobo
1994,17,1.0,8.561377207427496,11.680363751902457,17_natalia_chiqui_alison_javiera
1994,19,1.0,8.561377207427496,11.680363751902457,19_través_mar_viña_viña mar
1994,20,1.0,8.561377207427496,11.680363751902457,20_hermana_fea_curado_marihuana
1994,22,0.2579316739012949,8.561377207427496,3.01273577430421,22_verdad_agradecer_emocionado_quiero agradecer
1994,24,1.0,8.561377207427496,11.680363751902457,24_amor_dije_pa_pa pa
1994,25,1.0,8.561377207427496,11.680363751902457,25_bailar_fiesta_bailemos_baile
1995,1,1.226357920921647,17.990163692845375,6.816824692981339,1_canción_almas_cantar_vivo vivo
1995,3,1.9815023241413336,17.990163692845375,11.014365171837598,3_humor_quinta_quinta vergara_vergara
1995,4,1.0,17.990163692845375,5.55859311273358,4_chileno_chile_argentino_chilenos
1995,7,0.5634736851563437,17.990163692845375,3.1321209455166614,7_vieja_suegra_abuela_abuelita
1995,10,3.216334741493247,17.990163692845375,17.8782961423101,10_maestro_hora hora_ruperto_hora
1995,12,0.2159308783604469,17.990163692845375,1.2002718932808925,12_perro_perrito_selva_lobo
1995,13,4.65904425645647,17.990163692845375,25.897731315859875,13_ay ay_salta salta_salta_ay
1995,14,1.0,17.990163692845375,5.55859311273358,14_ho_ho ho_aplauso_muchas
1995,19,2.0,17.990163692845375,11.11718622546716,19_través_mar_viña_viña mar
1995,22,0.222864441702929,17.990163692845375,1.2388127507231155,22_verdad_agradecer_emocionado_quiero agradecer
1995,24,1.0,17.990163692845375,5.55859311273358,24_amor_dije_pa_pa pa
1995,27,0.3274374741703562,17.990163692845375,1.8200916887742213,27_soltera_bebé_arturo vidal_tinder
1995,28,0.5772179704426011,17.990163692845375,3.2085198350482975,28_puta puta_noticias_puta_ta
1996,2,1.457341233851785,12.61929959312995,11.548511255293228,2_chiste_programa_hoy hoy_chistes
1996,3,1.575858566478767,12.61929959312995,12.487686458737198,3_humor_quinta_quinta vergara_vergara
1996,4,0.314710560336455,12.61929959312995,2.493882945039089,4_chileno_chile_argentino_chilenos
1996,5,0.2240937729296585,12.61929959312995,1.7758019870742825,5_colegio_niños_papá_hijo
1996,7,0.8071241472139534,12.61929959312995,6.395950434946156,7_vieja_suegra_abuela_abuelita
1996,9,0.7446508906498222,12.61929959312995,5.900889230454724,9_auto_dijo dijo_micro_carabineros
1996,12,2.789601710458828,12.61929959312995,22.105836301544898,12_perro_perrito_selva_lobo
1996,21,1.0,12.61929959312995,7.92437006998715,21_buenas noches_noches_buenas_pecadora
1996,22,0.2175728175223208,12.61929959312995,1.7241275232166546,22_verdad_agradecer_emocionado_quiero agradecer
1996,23,1.4883458936883596,12.61929959312995,11.794203653732314,23_amante_marido_mujer_matrimonio
1996,25,1.0,12.61929959312995,7.92437006998715,25_bailar_fiesta_bailemos_baile
1996,27,1.0,12.61929959312995,7.92437006998715,27_soltera_bebé_arturo vidal_tinder
1997,1,1.3909404004530022,16.410168129029035,8.476088663543155,1_canción_almas_cantar_vivo vivo
1997,3,1.5263613184445808,16.410168129029035,9.301314321969066,3_humor_quinta_quinta vergara_vergara
1997,4,1.2416649529016672,16.410168129029035,7.566436511428568,4_chileno_chile_argentino_chilenos
1997,5,0.3137784042961974,16.410168129029035,1.9120974375706363,5_colegio_niños_papá_hijo
1997,6,0.2001233831268867,16.410168129029035,1.219508426442476,6_quinta_vergara_público_quinta vergara
1997,7,1.0,16.410168129029035,6.093782782341113,7_vieja_suegra_abuela_abuelita
1997,8,4.321914709210442,16.410168129029035,26.336809441733386,8_anthony_amas_your_you
1997,9,1.2241394525452918,16.410168129029035,7.4596399191049745,9_auto_dijo dijo_micro_carabineros
1997,13,0.3144908278117728,16.410168129029035,1.9164387917235843,13_ay ay_salta salta_salta_ay
1997,14,1.0,16.410168129029035,6.093782782341113,14_ho_ho ho_aplauso_muchas
1997,15,0.6277336183811207,16.410168129029035,3.82527231558756,15_hombres_mujeres_mujer_hombre
1997,18,0.2490210618580722,16.410168129029035,1.5174802591910215,18_doctor_farmacia_examen_consulta
1997,20,1.0,16.410168129029035,6.093782782341113,20_hermana_fea_curado_marihuana
1997,21,1.0,16.410168129029035,6.093782782341113,21_buenas noches_noches_buenas_pecadora
1997,26,1.0,16.410168129029035,6.093782782341113,26_celular_pegado_teléfono_whatsapp
1998,2,1.0,21.09850502193863,4.739672308346875,2_chiste_programa_hoy hoy_chistes
1998,3,0.203029621210359,21.09850502193863,0.9622938734248938,3_humor_quinta_quinta vergara_vergara
1998,4,1.3159481677894629,21.09850502193863,6.237163090091524,4_chileno_chile_argentino_chilenos
1998,5,1.0,21.09850502193863,4.739672308346875,5_colegio_niños_papá_hijo
1998,6,1.0,21.09850502193863,4.739672308346875,6_quinta_vergara_público_quinta vergara
1998,7,1.3787801208096835,21.09850502193863,6.534965957900815,7_vieja_suegra_abuela_abuelita
1998,8,1.0,21.09850502193863,4.739672308346875,8_anthony_amas_your_you
1998,10,0.4037842413274277,21.09850502193863,1.9138049871664604,10_maestro_hora hora_ruperto_hora
1998,12,2.2220152274935927,21.09850502193863,10.531624042476462,12_perro_perrito_selva_lobo
1998,13,2.0,21.09850502193863,9.47934461669375,13_ay ay_salta salta_salta_ay
1998,14,1.0,21.09850502193863,4.739672308346875,14_ho_ho ho_aplauso_muchas
1998,17,2.0,21.09850502193863,9.47934461669375,17_natalia_chiqui_alison_javiera
1998,19,2.0,21.09850502193863,9.47934461669375,19_través_mar_viña_viña mar
1998,21,3.0,21.09850502193863,14.219016925040624,21_buenas noches_noches_buenas_pecadora
1998,23,0.2646193728625879,21.09850502193863,1.2542091138089244,23_amante_marido_mujer_matrimonio
1998,25,1.0,21.09850502193863,4.739672308346875,25_bailar_fiesta_bailemos_baile
1998,27,0.3103282704455166,21.09850502193863,1.4708543099277949,27_soltera_bebé_arturo vidal_tinder
1999,3,1.2326026633477034,10.921557712732902,11.285960261059401,3_humor_quinta_quinta vergara_vergara
1999,4,0.7404276578799425,10.921557712732902,6.779505976667729,4_chileno_chile_argentino_chilenos
1999,6,0.2013424126668902,10.921557712732902,1.8435320122161245,6_quinta_vergara_público_quinta vergara
1999,8,1.0,10.921557712732902,9.156203046330559,8_anthony_amas_your_you
1999,9,0.2043061696013611,10.921557712732902,1.8706687724881101,9_auto_dijo dijo_micro_carabineros
1999,10,1.0,10.921557712732902,9.156203046330559,10_maestro_hora hora_ruperto_hora
1999,12,1.0,10.921557712732902,9.156203046330559,12_perro_perrito_selva_lobo
1999,13,2.0,10.921557712732902,18.312406092661117,13_ay ay_salta salta_salta_ay
1999,16,1.0,10.921557712732902,9.156203046330559,16_comida_comer_dieta_mamá
1999,18,0.3006021917390401,10.921557712732902,2.7523747037346418,18_doctor_farmacia_examen_consulta
1999,22,0.2422766174979647,10.921557712732902,2.2183339031895275,22_verdad_agradecer_emocionado_quiero agradecer
1999,23,1.0,10.921557712732902,9.156203046330559,23_amante_marido_mujer_matrimonio
1999,29,1.0,10.921557712732902,9.156203046330559,29_reggaeton_calmado_dale_ten
2000,0,2.3757952567185385,38.20706156643214,6.218209826441766,0_presidente_país_huevón_pesos
2000,2,1.0,38.20706156643214,2.6173172157227014,2_chiste_programa_hoy hoy_chistes
2000,3,1.4679706763425209,38.20706156643214,3.8421449233673775,3_humor_quinta_quinta vergara_vergara
2000,5,1.0,38.20706156643214,2.6173172157227014,5_colegio_niños_papá_hijo
2000,6,0.44389153480751053,38.20706156643214,1.1618049559652701,6_quinta_vergara_público_quinta vergara
2000,7,3.7221051437161154,38.20706156643214,9.74192987137821,7_vieja_suegra_abuela_abuelita
2000,8,1.0,38.20706156643214,2.6173172157227014,8_anthony_amas_your_you
2000,9,3.6194040429377,38.20706156643214,9.473128512237189,9_auto_dijo dijo_micro_carabineros
2000,10,1.0,38.20706156643214,2.6173172157227014,10_maestro_hora hora_ruperto_hora
2000,12,3.0,38.20706156643214,7.851951647168105,12_perro_perrito_selva_lobo
2000,13,2.865090260110085,38.20706156643214,7.498850062385557,13_ay ay_salta salta_salta_ay
2000,14,0.5457301079296115,38.20706156643214,1.4283488066223802,14_ho_ho ho_aplauso_muchas
2000,16,2.0,38.20706156643214,5.234634431445403,16_comida_comer_dieta_mamá
2000,18,2.0,38.20706156643214,5.234634431445403,18_doctor_farmacia_examen_consulta
2000,19,0.4588415312631854,38.20706156643214,1.2009338390637012,19_través_mar_viña_viña mar
2000,20,3.0,38.20706156643214,7.851951647168105,20_hermana_fea_curado_marihuana
2000,22,2.3635763803738334,38.20706156643214,6.186229151027982,22_verdad_agradecer_emocionado_quiero agradecer
2000,24,1.0,38.20706156643214,2.6173172157227014,24_amor_dije_pa_pa pa
2000,25,2.3446566322330376,38.20706156643214,6.136710168501939,25_bailar_fiesta_bailemos_baile
2000,26,1.0,38.20706156643214,2.6173172157227014,26_celular_pegado_teléfono_whatsapp
2000,27,2.0,38.20706156643214,5.234634431445403,27_soltera_bebé_arturo vidal_tinder
2001,1,3.060259175127378,13.746242379074564,22.262514298350407,1_canción_almas_cantar_vivo vivo
2001,3,1.1699708958316166,13.746242379074564,8.511205197520912,3_humor_quinta_quinta vergara_vergara
2001,4,0.2656949726540409,13.746242379074564,1.932855287482049,4_chileno_chile_argentino_chilenos
2001,7,0.5202382085765953,13.746242379074564,3.784584864941245,7_vieja_suegra_abuela_abuelita
2001,8,0.4371725681850053,13.746242379074564,3.1803059783850327,8_anthony_amas_your_you
2001,10,1.0,13.746242379074564,7.274715318000401,10_maestro_hora hora_ruperto_hora
2001,12,2.0,13.746242379074564,14.549430636000801,12_perro_perrito_selva_lobo
2001,13,1.0,13.746242379074564,7.274715318000401,13_ay ay_salta salta_salta_ay
2001,17,4.292906558699928,13.746242379074564,31.229673101318756,17_natalia_chiqui_alison_javiera
2002,5,0.3434148657790218,10.338398422536068,3.321741451078456,5_colegio_niños_papá_hijo
2002,8,1.0,10.338398422536068,9.672678098961235,8_anthony_amas_your_you
2002,9,1.0,10.338398422536068,9.672678098961235,9_auto_dijo dijo_micro_carabineros
2002,10,1.2903426177760868,10.338398422536068,12.481068779119063,10_maestro_hora hora_ruperto_hora
2002,12,2.2154749413043637,10.338398422536068,21.429575943552145,12_perro_perrito_selva_lobo
2002,13,1.0,10.338398422536068,9.672678098961235,13_ay ay_salta salta_salta_ay
2002,17,1.231594058414767,10.338398422536068,11.9128128756393,17_natalia_chiqui_alison_javiera
2002,24,1.0,10.338398422536068,9.672678098961235,24_amor_dije_pa_pa pa
2002,27,0.257571939261829,10.338398422536068,2.4914104558048664,27_soltera_bebé_arturo vidal_tinder
2002,28,1.0,10.338398422536068,9.672678098961235,28_puta puta_noticias_puta_ta
2003,1,0.2118076847107569,13.80976667537956,1.5337528119745398,1_canción_almas_cantar_vivo vivo
2003,6,0.2699161832451622,13.80976667537956,1.9545310908574318,6_quinta_vergara_público_quinta vergara
2003,8,2.7818029804792648,13.80976667537956,20.14373628367481,8_anthony_amas_your_you
2003,10,1.0,13.80976667537956,7.241251959620926,10_maestro_hora hora_ruperto_hora
2003,13,1.5462398269443764,13.80976667537956,11.196712176904887,13_ay ay_salta salta_salta_ay
2003,17,5.0,13.80976667537956,36.20625979810463,17_natalia_chiqui_alison_javiera
2003,21,3.0,13.80976667537956,21.72375587886278,21_buenas noches_noches_buenas_pecadora
2004,0,1.0,16.245025512408684,6.155730560325404,0_presidente_país_huevón_pesos
2004,1,0.5397284004687887,16.245025512408684,3.3224226090412707,1_canción_almas_cantar_vivo vivo
2004,2,2.0,16.245025512408684,12.311461120650808,2_chiste_programa_hoy hoy_chistes
2004,3,1.6457912443732723,16.245025512408684,10.13104745890453,3_humor_quinta_quinta vergara_vergara
2004,7,0.4998785607157589,16.245025512408684,3.077117732649475,7_vieja_suegra_abuela_abuelita
2004,8,0.3364951806316576,16.245025512408684,2.071373666816512,8_anthony_amas_your_you
2004,9,1.0,16.245025512408684,6.155730560325404,9_auto_dijo dijo_micro_carabineros
2004,10,1.0,16.245025512408684,6.155730560325404,10_maestro_hora hora_ruperto_hora
2004,13,1.0,16.245025512408684,6.155730560325404,13_ay ay_salta salta_salta_ay
2004,14,0.2231321262192057,16.245025512408684,1.3735412483579499,14_ho_ho ho_aplauso_muchas
2004,17,1.0,16.245025512408684,6.155730560325404,17_natalia_chiqui_alison_javiera
2004,18,1.0,16.245025512408684,6.155730560325404,18_doctor_farmacia_examen_consulta
2004,20,1.0,16.245025512408684,6.155730560325404,20_hermana_fea_curado_marihuana
2004,21,2.0,16.245025512408684,12.311461120650808,21_buenas noches_noches_buenas_pecadora
2004,24,1.0,16.245025512408684,6.155730560325404,24_amor_dije_pa_pa pa
2004,27,1.0,16.245025512408684,6.155730560325404,27_soltera_bebé_arturo vidal_tinder
2005,1,1.6425070182637533,24.96962985805385,6.578019087992086,1_canción_almas_cantar_vivo vivo
2005,4,0.267998266310939,24.96962985805385,1.0732969124269867,4_chileno_chile_argentino_chilenos
2005,6,2.515749623971764,24.96962985805385,10.075237952156986,6_quinta_vergara_público_quinta vergara
2005,7,3.0,24.96962985805385,12.014595398707373,7_vieja_suegra_abuela_abuelita
2005,8,2.0,24.96962985805385,8.009730265804915,8_anthony_amas_your_you
2005,9,1.3191820764656499,24.96962985805385,5.283146301987144,9_auto_dijo dijo_micro_carabineros
2005,10,0.2105557980560943,24.96962985805385,0.843247574165303,10_maestro_hora hora_ruperto_hora
2005,12,1.0,24.96962985805385,4.004865132902458,12_perro_perrito_selva_lobo
2005,13,1.2102604815890161,24.96962985805385,4.846930004445587,13_ay ay_salta salta_salta_ay
2005,16,1.0,24.96962985805385,4.004865132902458,16_comida_comer_dieta_mamá
2005,18,0.2036276486953094,24.96962985805385,0.8155012703547552,18_doctor_farmacia_examen_consulta
2005,21,1.0,24.96962985805385,4.004865132902458,21_buenas noches_noches_buenas_pecadora
2005,22,2.3794523955545186,24.96962985805385,9.529385934357517,22_verdad_agradecer_emocionado_quiero agradecer
2005,23,1.2202965491468059,24.96962985805385,4.887123101479233,23_amante_marido_mujer_matrimonio
2005,25,1.0,24.96962985805385,4.004865132902458,25_bailar_fiesta_bailemos_baile
2005,26,4.0,24.96962985805385,16.01946053160983,26_celular_pegado_teléfono_whatsapp
2005,27,1.0,24.96962985805385,4.004865132902458,27_soltera_bebé_arturo vidal_tinder
2006,0,0.9629395523633237,46.62226233869359,2.065407176871689,0_presidente_país_huevón_pesos
2006,1,6.532483831601488,46.62226233869359,14.011511891347949,1_canción_almas_cantar_vivo vivo
2006,2,2.3707078511965993,46.62226233869359,5.084926668668026,2_chiste_programa_hoy hoy_chistes
2006,3,1.0,46.62226233869359,2.1448980590760867,3_humor_quinta_quinta vergara_vergara
2006,4,1.0,46.62226233869359,2.1448980590760867,4_chileno_chile_argentino_chilenos
2006,6,1.5459296975829422,46.62226233869359,3.3158616078137344,6_quinta_vergara_público_quinta vergara
2006,7,4.027526308121441,46.62226233869359,8.638633361167555,7_vieja_suegra_abuela_abuelita
2006,8,3.414778162460536,46.62226233869359,7.324351052837009,8_anthony_amas_your_you
2006,10,8.204099316179647,46.62226233869359,17.596956699741174,10_maestro_hora hora_ruperto_hora
2006,12,4.0,46.62226233869359,8.579592236304347,12_perro_perrito_selva_lobo
2006,13,0.2431402999117287,46.62226233869359,0.5215111573638445,13_ay ay_salta salta_salta_ay
2006,14,2.5600791503887512,46.62226233869359,5.491108800749989,14_ho_ho ho_aplauso_muchas
2006,15,3.301779381893841,46.62226233869359,7.081980187721539,15_hombres_mujeres_mujer_hombre
2006,18,4.458798786993292,46.62226233869359,9.56366886403272,18_doctor_farmacia_examen_consulta
2006,24,1.0,46.62226233869359,2.1448980590760867,24_amor_dije_pa_pa pa
2006,25,1.0,46.62226233869359,2.1448980590760867,25_bailar_fiesta_bailemos_baile
2006,29,1.0,46.62226233869359,2.1448980590760867,29_reggaeton_calmado_dale_ten
2007,0,0.2788631995291407,18.881696871318777,1.4768969199623831,0_presidente_país_huevón_pesos
2007,2,0.2709694649278273,18.881696871318777,1.4350906424063445,2_chiste_programa_hoy hoy_chistes
2007,3,1.5268288101972418,18.881696871318777,8.086290234414731,3_humor_quinta_quinta vergara_vergara
2007,4,2.7984966660955872,18.881696871318777,14.82121381975204,4_chileno_chile_argentino_chilenos
2007,5,2.780284709081146,18.881696871318777,14.724760851893496,5_colegio_niños_papá_hijo
2007,6,0.2405847316531558,18.881696871318777,1.2741690182443457,6_quinta_vergara_público_quinta vergara
2007,7,1.0,18.881696871318777,5.296134170647534,7_vieja_suegra_abuela_abuelita
2007,9,1.4524753497975098,18.881696871318777,7.692504332085821,9_auto_dijo dijo_micro_carabineros
2007,10,0.3379350790853679,18.881696871318777,1.7897495198044935,10_maestro_hora hora_ruperto_hora
2007,15,6.534602165472508,18.881696871318777,34.608129820146324,15_hombres_mujeres_mujer_hombre
2007,21,0.4519524445725801,18.881696871318777,2.3936007852085273,21_buenas noches_noches_buenas_pecadora
2007,27,0.208704250906712,18.881696871318777,1.1053257147864337,27_soltera_bebé_arturo vidal_tinder
2007,28,1.0,18.881696871318777,5.296134170647534,28_puta puta_noticias_puta_ta
2008,0,0.2626881161906153,8.43903475584814,3.1127744320353212,0_presidente_país_huevón_pesos
2008,1,1.5165612157597153,8.43903475584814,17.970790020846383,1_canción_almas_cantar_vivo vivo
2008,2,2.0,8.43903475584814,23.699392855492466,2_chiste_programa_hoy hoy_chistes
2008,7,1.0,8.43903475584814,11.849696427746233,7_vieja_suegra_abuela_abuelita
2008,12,0.3303172273425468,8.43903475584814,3.914158868864017,12_perro_perrito_selva_lobo
2008,21,1.0,8.43903475584814,11.849696427746233,21_buenas noches_noches_buenas_pecadora
2008,22,1.329468196555262,8.43903475584814,15.753794539523113,22_verdad_agradecer_emocionado_quiero agradecer
2008,29,1.0,8.43903475584814,11.849696427746233,29_reggaeton_calmado_dale_ten
2009,2,1.0,8.876252890017492,11.266015202480665,2_chiste_programa_hoy hoy_chistes
2009,4,0.3670294227875231,8.876252890017492,4.1349590568819385,4_chileno_chile_argentino_chilenos
2009,6,1.5462358648842849,8.876252890017492,17.419916760407194,6_quinta_vergara_público_quinta vergara
2009,10,0.3243245128334731,8.876252890017492,3.653844892119043,10_maestro_hora hora_ruperto_hora
2009,13,0.2149513585758608,8.876252890017492,2.4216452735095206,13_ay ay_salta salta_salta_ay
2009,15,0.42371173093635,8.876252890017492,4.773542802198317,15_hombres_mujeres_mujer_hombre
2009,20,1.0,8.876252890017492,11.266015202480665,20_hermana_fea_curado_marihuana
2009,23,2.0,8.876252890017492,22.53203040496133,23_amante_marido_mujer_matrimonio
2009,27,2.0,8.876252890017492,22.53203040496133,27_soltera_bebé_arturo vidal_tinder
2010,2,0.6798379925627476,4.883607361090339,13.9208159521441,2_chiste_programa_hoy hoy_chistes
2010,7,1.0,4.883607361090339,20.476666653576647,7_vieja_suegra_abuela_abuelita
2010,9,1.0,4.883607361090339,20.476666653576647,9_auto_dijo dijo_micro_carabineros
2010,11,0.2037693685275918,4.883607361090339,4.172517433549309,11_hijos_mamá_papá_hijo
2010,18,1.0,4.883607361090339,20.476666653576647,18_doctor_farmacia_examen_consulta
2010,26,1.0,4.883607361090339,20.476666653576647,26_celular_pegado_teléfono_whatsapp
2011,2,0.5395353938042153,18.167810192875468,2.9697326649515245,2_chiste_programa_hoy hoy_chistes
2011,5,0.2280411989860108,18.167810192875468,1.255193645051606,5_colegio_niños_papá_hijo
2011,6,2.338326252125773,18.167810192875468,12.870710489053607,6_quinta_vergara_público_quinta vergara
2011,7,2.683678352745474,18.167810192875468,14.771611571535916,7_vieja_suegra_abuela_abuelita
2011,9,0.5784148162268866,18.167810192875468,3.1837343636147892,9_auto_dijo dijo_micro_carabineros
2011,14,2.2132229873040217,18.167810192875468,12.18211200913988,14_ho_ho ho_aplauso_muchas
2011,16,2.0,18.167810192875468,11.008481367690107,16_comida_comer_dieta_mamá
2011,18,2.0,18.167810192875468,11.008481367690107,18_doctor_farmacia_examen_consulta
2011,20,1.0,18.167810192875468,5.504240683845054,20_hermana_fea_curado_marihuana
2011,21,2.586591191683086,18.167810192875468,14.237220469737302,21_buenas noches_noches_buenas_pecadora
2011,22,1.0,18.167810192875468,5.504240683845054,22_verdad_agradecer_emocionado_quiero agradecer
2011,23,1.0,18.167810192875468,5.504240683845054,23_amante_marido_mujer_matrimonio
2012,2,1.847941054628154,20.528297913978836,9.001920482505227,2_chiste_programa_hoy hoy_chistes
2012,3,0.2046492375873455,20.528297913978836,0.9969128392665653,3_humor_quinta_quinta vergara_vergara
2012,4,1.0,20.528297913978836,4.871324472152392,4_chileno_chile_argentino_chilenos
2012,6,4.657999185805267,20.528297913978836,22.690625425079116,6_quinta_vergara_público_quinta vergara
2012,7,0.5925607129108347,20.528297913978836,2.8865555020386164,7_vieja_suegra_abuela_abuelita
2012,9,3.86925267584982,20.528297913978836,18.848385248808356,9_auto_dijo dijo_micro_carabineros
2012,10,1.0,20.528297913978836,4.871324472152392,10_maestro_hora hora_ruperto_hora
2012,12,1.0,20.528297913978836,4.871324472152392,12_perro_perrito_selva_lobo
2012,14,1.3563465364311686,20.528297913978836,6.607204075636288,14_ho_ho ho_aplauso_muchas
2012,18,1.5810434847736552,20.528297913978836,7.701775818915005,18_doctor_farmacia_examen_consulta
2012,20,1.0,20.528297913978836,4.871324472152392,20_hermana_fea_curado_marihuana
2012,22,0.2140775688711445,20.528297913978836,1.0428413001808954,22_verdad_agradecer_emocionado_quiero agradecer
2012,23,1.0,20.528297913978836,4.871324472152392,23_amante_marido_mujer_matrimonio
2012,25,1.0,20.528297913978836,4.871324472152392,25_bailar_fiesta_bailemos_baile
2012,29,0.2044274571214457,20.528297913978836,0.9958324746555821,29_reggaeton_calmado_dale_ten
2013,2,1.0,20.358829724562824,4.911873685909879,2_chiste_programa_hoy hoy_chistes
2013,5,0.4156532655150147,20.358829724562824,2.0416363373457127,5_colegio_niños_papá_hijo
2013,6,4.0,20.358829724562824,19.647494743639516,6_quinta_vergara_público_quinta vergara
2013,7,1.3562920156733989,20.358829724562824,6.661935062195837,7_vieja_suegra_abuela_abuelita
2013,9,0.2112292891826215,20.358829724562824,1.0375315872295665,9_auto_dijo dijo_micro_carabineros
2013,10,1.2354228911172063,20.358829724562824,6.06824118984931,10_maestro_hora hora_ruperto_hora
2013,12,0.9735185570546045,20.358829724562824,4.781800183141467,12_perro_perrito_selva_lobo
2013,13,0.2856279160211777,20.358829724562824,1.4029682446656995,13_ay ay_salta salta_salta_ay
2013,14,1.5125065267663538,20.358829724562824,7.429241008590599,14_ho_ho ho_aplauso_muchas
2013,15,1.0,20.358829724562824,4.911873685909879,15_hombres_mujeres_mujer_hombre
2013,16,0.2561568597589424,20.358829724562824,1.2582101389152565,16_comida_comer_dieta_mamá
2013,17,0.2760002954018811,20.358829724562824,1.355678588287853,17_natalia_chiqui_alison_javiera
2013,18,1.0,20.358829724562824,4.911873685909879,18_doctor_farmacia_examen_consulta
2013,19,0.3240829046773276,20.358829724562824,1.591854291537805,19_través_mar_viña_viña mar
2013,20,1.2548377826099875,20.358829724562824,6.163604684487498,20_hermana_fea_curado_marihuana
2013,24,2.658583802765063,20.358829724562824,13.058627822587932,24_amor_dije_pa_pa pa
2013,26,2.5989176180192457,20.358829724562824,12.765555059796316,26_celular_pegado_teléfono_whatsapp
2014,1,3.2920939360834294,35.96726076588349,9.153029354979749,1_canción_almas_cantar_vivo vivo
2014,3,3.241159002559111,35.96726076588349,9.011414640821052,3_humor_quinta_quinta vergara_vergara
2014,4,4.021638161095765,35.96726076588349,11.181385725405212,4_chileno_chile_argentino_chilenos
2014,6,2.657783603615361,35.96726076588349,7.389452371464397,6_quinta_vergara_público_quinta vergara
2014,7,1.119714566626084,35.96726076588349,3.1131494108335933,7_vieja_suegra_abuela_abuelita
2014,8,1.0,35.96726076588349,2.780306252703413,8_anthony_amas_your_you
2014,9,0.2581883796533465,35.96726076588349,0.7178427663255619,9_auto_dijo dijo_micro_carabineros
2014,10,0.2403264572910048,35.96726076588349,0.6681811518962403,10_maestro_hora hora_ruperto_hora
2014,12,1.0,35.96726076588349,2.780306252703413,12_perro_perrito_selva_lobo
2014,14,0.7560317412432356,35.96726076588349,2.1019997774208163,14_ho_ho ho_aplauso_muchas
2014,15,1.0,35.96726076588349,2.780306252703413,15_hombres_mujeres_mujer_hombre
2014,16,1.0,35.96726076588349,2.780306252703413,16_comida_comer_dieta_mamá
2014,18,1.0,35.96726076588349,2.780306252703413,18_doctor_farmacia_examen_consulta
2014,20,2.0,35.96726076588349,5.560612505406826,20_hermana_fea_curado_marihuana
2014,21,4.0,35.96726076588349,11.121225010813651,21_buenas noches_noches_buenas_pecadora
2014,22,1.0,35.96726076588349,2.780306252703413,22_verdad_agradecer_emocionado_quiero agradecer
2014,23,2.0,35.96726076588349,5.560612505406826,23_amante_marido_mujer_matrimonio
2014,24,0.5224318219519676,35.96726076588349,1.4525204611842915,24_amor_dije_pa_pa pa
2014,25,2.0,35.96726076588349,5.560612505406826,25_bailar_fiesta_bailemos_baile
2014,27,0.8578930957641794,35.96726076588349,2.3852055383042354,27_soltera_bebé_arturo vidal_tinder
2014,29,3.0,35.96726076588349,8.340918758110238,29_reggaeton_calmado_dale_ten
2015,0,1.728919805029544,38.499083322951485,4.490807717488788,0_presidente_país_huevón_pesos
2015,1,0.3752417515769107,38.499083322951485,0.974677107060385,1_canción_almas_cantar_vivo vivo
2015,2,3.2631619538653163,38.499083322951485,8.47594714526608,2_chiste_programa_hoy hoy_chistes
2015,3,1.4465173580460022,38.499083322951485,3.757277402975596,3_humor_quinta_quinta vergara_vergara
2015,4,1.1566617669677248,38.499083322951485,3.00438781169154,4_chileno_chile_argentino_chilenos
2015,5,0.5863504224796561,38.499083322951485,1.5230243732325424,5_colegio_niños_papá_hijo
2015,6,0.7240465931689936,38.499083322951485,1.8806852804657517,6_quinta_vergara_público_quinta vergara
2015,7,1.0,38.499083322951485,2.5974644424945135,7_vieja_suegra_abuela_abuelita
2015,9,0.4015137233226521,38.499083322951485,1.042917619504169,9_auto_dijo dijo_micro_carabineros
2015,10,1.0,38.499083322951485,2.5974644424945135,10_maestro_hora hora_ruperto_hora
2015,11,0.2003852347707765,38.499083322951485,0.5204935221180071,11_hijos_mamá_papá_hijo
2015,12,2.263710277332546,38.499083322951485,5.879906953480682,12_perro_perrito_selva_lobo
2015,14,1.5011809677543368,38.499083322951485,3.899264185491393,14_ho_ho ho_aplauso_muchas
2015,15,1.7377687332248428,38.499083322951485,4.513792493830263,15_hombres_mujeres_mujer_hombre
2015,18,3.0,38.499083322951485,7.79239332748354,18_doctor_farmacia_examen_consulta
2015,19,1.5215590740926643,38.499083322951485,3.9521955921105705,19_través_mar_viña_viña mar
2015,20,3.0,38.499083322951485,7.79239332748354,20_hermana_fea_curado_marihuana
2015,21,1.2238754378441243,38.499083322951485,3.178972931842517,21_buenas noches_noches_buenas_pecadora
2015,22,1.0,38.499083322951485,2.5974644424945135,22_verdad_agradecer_emocionado_quiero agradecer
2015,23,2.0,38.499083322951485,5.194928884989027,23_amante_marido_mujer_matrimonio
2015,24,2.280780290526776,38.499083322951485,5.924245705785607,24_amor_dije_pa_pa pa
2015,25,2.67072519705332,38.499083322951485,6.9371137350201515,25_bailar_fiesta_bailemos_baile
2015,26,0.2068207269065619,38.499083322951485,0.5372094841106628,26_celular_pegado_teléfono_whatsapp
2015,27,1.9222168999814997,38.499083322951485,4.992890048463978,27_soltera_bebé_arturo vidal_tinder
2015,29,2.2876471090072372,38.499083322951485,5.942082022621669,29_reggaeton_calmado_dale_ten
2016,0,10.382686750446947,67.58144156538536,15.363221780940627,0_presidente_país_huevón_pesos
2016,2,4.213037068018615,67.58144156538536,6.234014798193498,2_chiste_programa_hoy hoy_chistes
2016,3,1.2931843630500877,67.58144156538536,1.9135199443754476,3_humor_quinta_quinta vergara_vergara
2016,4,3.146801858010939,67.58144156538536,4.656310645528911,4_chileno_chile_argentino_chilenos
2016,5,0.5469776823865133,67.58144156538536,0.8093607797006074,5_colegio_niños_papá_hijo
2016,6,0.289084033004736,67.58144156538536,0.4277565353870794,6_quinta_vergara_público_quinta vergara
2016,7,5.910922175867207,67.58144156538536,8.746368883162047,7_vieja_suegra_abuela_abuelita
2016,9,1.5928936910458202,67.58144156538536,2.3569986880269314,9_auto_dijo dijo_micro_carabineros
2016,10,1.0,67.58144156538536,1.4796961663395347,10_maestro_hora hora_ruperto_hora
2016,11,3.0,67.58144156538536,4.439088499018604,11_hijos_mamá_papá_hijo
2016,14,1.274167053894296,67.58144156538536,1.885380104923529,14_ho_ho ho_aplauso_muchas
2016,15,1.0,67.58144156538536,1.4796961663395347,15_hombres_mujeres_mujer_hombre
2016,16,4.0,67.58144156538536,5.918784665358139,16_comida_comer_dieta_mamá
2016,17,3.0,67.58144156538536,4.439088499018604,17_natalia_chiqui_alison_javiera
2016,18,4.438068692987678,67.58144156538536,6.566993230965377,18_doctor_farmacia_examen_consulta
2016,19,2.0,67.58144156538536,2.9593923326790694,19_través_mar_viña_viña mar
2016,20,1.0,67.58144156538536,1.4796961663395347,20_hermana_fea_curado_marihuana
2016,21,0.2097630360429193,67.58144156538536,0.3103855602724493,21_buenas noches_noches_buenas_pecadora
2016,22,1.0,67.58144156538536,1.4796961663395347,22_verdad_agradecer_emocionado_quiero agradecer
2016,23,0.3032514919850828,67.58144156538536,0.4487200701270711,23_amante_marido_mujer_matrimonio
2016,24,1.0,67.58144156538536,1.4796961663395347,24_amor_dije_pa_pa pa
2016,25,1.0,67.58144156538536,1.4796961663395347,25_bailar_fiesta_bailemos_baile
2016,26,3.0,67.58144156538536,4.439088499018604,26_celular_pegado_teléfono_whatsapp
2016,27,2.748371904614644,67.58144156538536,4.066755370933574,27_soltera_bebé_arturo vidal_tinder
2016,28,6.232231764029878,67.58144156538536,9.221809448974486,28_puta puta_noticias_puta_ta
2016,29,4.0,67.58144156538536,5.918784665358139,29_reggaeton_calmado_dale_ten
2017,0,4.028916114992155,72.89529703676548,5.526990462718233,0_presidente_país_huevón_pesos
2017,1,0.2584692630715522,72.89529703676548,0.3545760475345764,1_canción_almas_cantar_vivo vivo
2017,2,2.216426362098946,72.89529703676548,3.0405615344170545,2_chiste_programa_hoy hoy_chistes
2017,3,3.347627063043098,72.89529703676548,4.592377285128132,3_humor_quinta_quinta vergara_vergara
2017,4,1.8474752201066367,72.89529703676548,2.5344230632256615,4_chileno_chile_argentino_chilenos
2017,5,5.912449361220196,72.89529703676548,8.11087903001231,5_colegio_niños_papá_hijo
2017,6,1.206489257916221,72.89529703676548,1.6550988979545769,6_quinta_vergara_público_quinta vergara
2017,7,6.1118959225867115,72.89529703676548,8.38448592850114,7_vieja_suegra_abuela_abuelita
2017,9,1.9735156156534641,72.89529703676548,2.7073291362789855,9_auto_dijo dijo_micro_carabineros
2017,10,1.0,72.89529703676548,1.3718306127426023,10_maestro_hora hora_ruperto_hora
2017,14,0.7655147298453705,72.89529703676548,1.0501565409072624,14_ho_ho ho_aplauso_muchas
2017,15,4.447460205782293,72.89529703676548,6.101162059246664,15_hombres_mujeres_mujer_hombre
2017,16,2.6828803968999133,72.89529703676548,3.680457458794324,16_comida_comer_dieta_mamá
2017,17,1.0,72.89529703676548,1.3718306127426023,17_natalia_chiqui_alison_javiera
2017,18,4.200800799181916,72.89529703676548,5.762787134351342,18_doctor_farmacia_examen_consulta
2017,19,3.0,72.89529703676548,4.115491838227807,19_través_mar_viña_viña mar
2017,22,3.6206634870423873,72.89529703676548,4.966937009964126,22_verdad_agradecer_emocionado_quiero agradecer
2017,23,4.791810421557112,72.89529703676548,6.57355222675108,23_amante_marido_mujer_matrimonio
2017,24,2.2119637011064386,72.89529703676548,3.0344395194532403,24_amor_dije_pa_pa pa
2017,25,6.0,72.89529703676548,8.230983676455613,25_bailar_fiesta_bailemos_baile
2017,26,3.0,72.89529703676548,4.115491838227807,26_celular_pegado_teléfono_whatsapp
2017,27,7.270939114661078,72.89529703676548,9.974496860879661,27_soltera_bebé_arturo vidal_tinder
2017,28,2.0,72.89529703676548,2.7436612254852046,28_puta puta_noticias_puta_ta
2018,0,1.0571853136189062,51.49809350287954,2.0528630124138347,0_presidente_país_huevón_pesos
2018,2,3.2262177896299375,51.49809350287954,6.264732478784952,2_chiste_programa_hoy hoy_chistes
2018,4,0.7055531252321169,51.49809350287954,1.3700567870394376,4_chileno_chile_argentino_chilenos
2018,6,2.1810261249168206,51.49809350287954,4.235158967185586,6_quinta_vergara_público_quinta vergara
2018,7,6.286163103960389,51.49809350287954,12.206593829748076,7_vieja_suegra_abuela_abuelita
2018,8,1.2034468850735873,51.49809350287954,2.3368765777830127,8_anthony_amas_your_you
2018,10,1.2494679062487535,51.49809350287954,2.4262410921656525,10_maestro_hora hora_ruperto_hora
2018,11,3.2080437550827092,51.49809350287954,6.229441784875648,11_hijos_mamá_papá_hijo
2018,12,0.464333843344245,51.49809350287954,0.901652491889397,12_perro_perrito_selva_lobo
2018,13,1.0,51.49809350287954,1.9418194577321284,13_ay ay_salta salta_salta_ay
2018,15,3.23259046897414,51.49809350287954,6.277107071533411,15_hombres_mujeres_mujer_hombre
2018,16,3.4678945504585696,51.49809350287954,6.7340251154436634,16_comida_comer_dieta_mamá
2018,17,4.265975415711017,51.49809350287954,8.283754068434558,17_natalia_chiqui_alison_javiera
2018,18,1.0,51.49809350287954,1.9418194577321284,18_doctor_farmacia_examen_consulta
2018,19,0.3708838259959918,51.49809350287954,0.7201894298771538,19_través_mar_viña_viña mar
2018,22,3.0,51.49809350287954,5.825458373196385,22_verdad_agradecer_emocionado_quiero agradecer
2018,23,5.083646451666012,51.49809350287954,9.871523596075955,23_amante_marido_mujer_matrimonio
2018,24,2.0,51.49809350287954,3.8836389154642568,24_amor_dije_pa_pa pa
2018,27,5.495664942966349,51.49809350287954,10.671589119428385,27_soltera_bebé_arturo vidal_tinder
2018,28,3.0,51.49809350287954,5.825458373196385,28_puta puta_noticias_puta_ta
2019,1,1.3474444967476675,28.231935646463878,4.772766960158604,1_canción_almas_cantar_vivo vivo
2019,2,0.4566145835218257,28.231935646463878,1.6173690293142116,2_chiste_programa_hoy hoy_chistes
2019,4,1.9255656853281842,28.231935646463878,6.820523075148643,4_chileno_chile_argentino_chilenos
2019,6,4.288211263620472,28.231935646463878,15.189221586928564,6_quinta_vergara_público_quinta vergara
2019,7,2.0,28.231935646463878,7.084175966696443,7_vieja_suegra_abuela_abuelita
2019,9,1.0,28.231935646463878,3.5420879833482215,9_auto_dijo dijo_micro_carabineros
2019,10,0.2010004390459328,28.231935646463878,0.7119612397923151,10_maestro_hora hora_ruperto_hora
2019,11,1.0,28.231935646463878,3.5420879833482215,11_hijos_mamá_papá_hijo
2019,12,1.2986993192838547,28.231935646463878,4.600107252817857,12_perro_perrito_selva_lobo
2019,14,1.0,28.231935646463878,3.5420879833482215,14_ho_ho ho_aplauso_muchas
2019,15,4.4229373398211065,28.231935646463878,15.66643320248249,15_hombres_mujeres_mujer_hombre
2019,17,1.0,28.231935646463878,3.5420879833482215,17_natalia_chiqui_alison_javiera
2019,22,1.0,28.231935646463878,3.5420879833482215,22_verdad_agradecer_emocionado_quiero agradecer
2019,24,1.0,28.231935646463878,3.5420879833482215,24_amor_dije_pa_pa pa
2019,27,0.2914625190948365,28.231935646463878,1.0323858864822217,27_soltera_bebé_arturo vidal_tinder
2019,28,1.0,28.231935646463878,3.5420879833482215,28_puta puta_noticias_puta_ta
2019,29,5.0,28.231935646463878,17.710439916741105,29_reggaeton_calmado_dale_ten
2020,0,3.321279323560629,44.70445716514698,7.429414278068909,0_presidente_país_huevón_pesos
2020,1,2.0,44.70445716514698,4.473826832549627,1_canción_almas_cantar_vivo vivo
2020,2,3.5179327142409362,44.70445716514698,7.869310886037621,2_chiste_programa_hoy hoy_chistes
2020,3,3.991964404931216,44.70445716514698,8.92967873468214,3_humor_quinta_quinta vergara_vergara
2020,4,3.5677601181434384,44.70445716514698,7.980770474325272,4_chileno_chile_argentino_chilenos
2020,5,2.2937643349378534,44.70445716514698,5.130952214595159,5_colegio_niños_papá_hijo
2020,6,1.3548226452081749,44.70445716514698,3.0306209517390985,6_quinta_vergara_público_quinta vergara
2020,7,0.6642854917210513,44.70445716514698,1.4859491286675315,7_vieja_suegra_abuela_abuelita
2020,8,0.5603005280609593,44.70445716514698,1.2533437683654227,8_anthony_amas_your_you
2020,9,1.0,44.70445716514698,2.2369134162748137,9_auto_dijo dijo_micro_carabineros
2020,10,1.9099367011175103,44.70445716514698,4.272363030965418,10_maestro_hora hora_ruperto_hora
2020,11,1.9859139783588422,44.70445716514698,4.442317621758584,11_hijos_mamá_papá_hijo
2020,12,1.2594979798723231,44.70445716514698,2.817387928947425,12_perro_perrito_selva_lobo
2020,13,1.0,44.70445716514698,2.2369134162748137,13_ay ay_salta salta_salta_ay
2020,14,1.3078310465558711,44.70445716514698,2.9255048142615587,14_ho_ho ho_aplauso_muchas
2020,15,0.4626050960745841,44.70445716514698,1.0348075458463364,15_hombres_mujeres_mujer_hombre
2020,16,2.0,44.70445716514698,4.473826832549627,16_comida_comer_dieta_mamá
2020,17,2.2058444279870115,44.70445716514698,4.9342829951791884,17_natalia_chiqui_alison_javiera
2020,20,3.0,44.70445716514698,6.710740248824441,20_hermana_fea_curado_marihuana
2020,21,0.3813638064889141,44.70445716514698,0.8530778152166838,21_buenas noches_noches_buenas_pecadora
2020,22,0.3041655942951601,44.70445716514698,0.6803920986480456,22_verdad_agradecer_emocionado_quiero agradecer
2020,23,1.0,44.70445716514698,2.2369134162748137,23_amante_marido_mujer_matrimonio
2020,24,2.310329954464044,44.70445716514698,5.1680080711622,24_amor_dije_pa_pa pa
2020,25,1.0,44.70445716514698,2.2369134162748137,25_bailar_fiesta_bailemos_baile
2020,26,0.3048590191284561,44.70445716514698,0.6819432299608235,26_celular_pegado_teléfono_whatsapp
2020,28,1.0,44.70445716514698,2.2369134162748137,28_puta puta_noticias_puta_ta
2020,29,1.0,44.70445716514698,2.2369134162748137,29_reggaeton_calmado_dale_ten
2023,0,1.4387143780542266,53.96555393930811,2.66598649144279,0_presidente_país_huevón_pesos
2023,1,6.758620271661362,53.96555393930811,12.52395237017744,1_canción_almas_cantar_vivo vivo
2023,2,6.3834171158064015,53.96555393930811,11.828688209122166,2_chiste_programa_hoy hoy_chistes
2023,3,0.3732958307052619,53.96555393930811,0.6917298229257237,3_humor_quinta_quinta vergara_vergara
2023,4,2.3652648984807785,53.96555393930811,4.3829160007156664,4_chileno_chile_argentino_chilenos
2023,5,1.4498642753737578,53.96555393930811,2.6866476289752073,5_colegio_niños_papá_hijo
2023,6,0.2987750116551094,53.96555393930811,0.5536402201877222,6_quinta_vergara_público_quinta vergara
2023,7,4.323996560779927,53.96555393930811,8.012512139952964,7_vieja_suegra_abuela_abuelita
2023,8,0.2588424975015216,53.96555393930811,0.4796439184014058,8_anthony_amas_your_you
2023,9,1.2489078928504713,53.96555393930811,2.314268643021889,9_auto_dijo dijo_micro_carabineros
2023,10,1.292269022975455,53.96555393930811,2.3946182863772587,10_maestro_hora hora_ruperto_hora
2023,11,3.4903890413456438,53.96555393930811,6.467809160767774,11_hijos_mamá_papá_hijo
2023,13,1.0,53.96555393930811,1.853033883659642,13_ay ay_salta salta_salta_ay
2023,14,4.463512357269687,53.96555393930811,8.271039638154253,14_ho_ho ho_aplauso_muchas
2023,16,4.5106404387681405,53.96555393930811,8.35836957004276,16_comida_comer_dieta_mamá
2023,17,2.0,53.96555393930811,3.706067767319284,17_natalia_chiqui_alison_javiera
2023,18,1.0,53.96555393930811,1.853033883659642,18_doctor_farmacia_examen_consulta
2023,19,1.0,53.96555393930811,1.853033883659642,19_través_mar_viña_viña mar
2023,21,1.0,53.96555393930811,1.853033883659642,21_buenas noches_noches_buenas_pecadora
2023,22,1.0,53.96555393930811,1.853033883659642,22_verdad_agradecer_emocionado_quiero agradecer
2023,23,2.0,53.96555393930811,3.706067767319284,23_amante_marido_mujer_matrimonio
2023,24,1.3090443460803645,53.96555393930811,2.4257035284999944,24_amor_dije_pa_pa pa
2023,28,3.0,53.96555393930811,5.559101650978926,28_puta puta_noticias_puta_ta
2023,29,2.0,53.96555393930811,3.706067767319284,29_reggaeton_calmado_dale_ten
2024,0,3.282951456404208,53.8352711834392,6.098142322377879,0_presidente_país_huevón_pesos
2024,1,0.3449247528332979,53.8352711834392,0.6407040314852238,1_canción_almas_cantar_vivo vivo
2024,2,4.3020681242529095,53.8352711834392,7.991170156074761,2_chiste_programa_hoy hoy_chistes
2024,3,3.730779470006856,53.8352711834392,6.9299910411791865,3_humor_quinta_quinta vergara_vergara
2024,4,0.2783097533448223,53.8352711834392,0.5169654526239963,4_chileno_chile_argentino_chilenos
2024,5,6.910040037330797,53.8352711834392,12.835525642260464,5_colegio_niños_papá_hijo
2024,6,1.299890110465988,53.8352711834392,2.4145696341655283,6_quinta_vergara_público_quinta vergara
2024,7,3.4695146168887967,53.8352711834392,6.444686802202063,7_vieja_suegra_abuela_abuelita
2024,9,1.0,53.8352711834392,1.8575182738331222,9_auto_dijo dijo_micro_carabineros
2024,11,0.4690060240913564,53.8352711834392,0.871187260287512,11_hijos_mamá_papá_hijo
2024,13,0.3259373222460896,53.8352711834392,0.6054345321963465,13_ay ay_salta salta_salta_ay
2024,14,1.0,53.8352711834392,1.8575182738331222,14_ho_ho ho_aplauso_muchas
2024,16,2.2355032569573225,53.8352711834392,4.1524881510116884,16_comida_comer_dieta_mamá
2024,17,4.0,53.8352711834392,7.430073095332489,17_natalia_chiqui_alison_javiera
2024,19,8.275089889130648,53.8352711834392,15.371130686671883,19_través_mar_viña_viña mar
2024,20,2.0,53.8352711834392,3.7150365476662444,20_hermana_fea_curado_marihuana
2024,21,1.0,53.8352711834392,1.8575182738331222,21_buenas noches_noches_buenas_pecadora
2024,22,1.0,53.8352711834392,1.8575182738331222,22_verdad_agradecer_emocionado_quiero agradecer
2024,24,2.0,53.8352711834392,3.7150365476662444,24_amor_dije_pa_pa pa
2024,25,1.639280708384911,53.8352711834392,3.0449938717670775,25_bailar_fiesta_bailemos_baile
2024,26,1.0,53.8352711834392,1.8575182738331222,26_celular_pegado_teléfono_whatsapp
2024,27,1.2719756611011932,53.8352711834392,2.362718034366433,27_soltera_bebé_arturo vidal_tinder
2024,28,2.0,53.8352711834392,3.7150365476662444,28_puta puta_noticias_puta_ta
2024,29,1.0,53.8352711834392,1.8575182738331222,29_reggaeton_calmado_dale_ten
2025,0,3.7098681329328564,73.47494135180838,5.049161067267117,0_presidente_país_huevón_pesos
2025,1,0.2998166578871906,73.47494135180838,0.40805293937102466,1_canción_almas_cantar_vivo vivo
2025,2,7.81235707190137,73.47494135180838,10.632682283466824,2_chiste_programa_hoy hoy_chistes
2025,3,2.2952529438346927,73.47494135180838,3.1238581502837786,3_humor_quinta_quinta vergara_vergara
2025,4,6.010875366039051,73.47494135180838,8.18085085261672,4_chileno_chile_argentino_chilenos
2025,5,6.395289772697163,73.47494135180838,8.704042024444243,5_colegio_niños_papá_hijo
2025,6,0.2908866378000431,73.47494135180838,0.3958991085235943,6_quinta_vergara_público_quinta vergara
2025,7,0.943932622220778,73.47494135180838,1.2847000689678614,7_vieja_suegra_abuela_abuelita
2025,8,0.6545589150133188,73.47494135180838,0.8908600714346928,8_anthony_amas_your_you
2025,9,5.012673551455468,73.47494135180838,6.822289966117945,9_auto_dijo dijo_micro_carabineros
2025,10,3.0,73.47494135180838,4.083024694957668,10_maestro_hora hora_ruperto_hora
2025,11,12.243027451480447,73.47494135180838,16.662861141813107,11_hijos_mamá_papá_hijo
2025,16,3.8310333220613932,73.47494135180838,5.214067887060795,16_comida_comer_dieta_mamá
2025,17,1.0,73.47494135180838,1.3610082316525562,17_natalia_chiqui_alison_javiera
2025,18,2.0,73.47494135180838,2.7220164633051125,18_doctor_farmacia_examen_consulta
2025,19,1.0,73.47494135180838,1.3610082316525562,19_través_mar_viña_viña mar
2025,20,4.0,73.47494135180838,5.444032926610225,20_hermana_fea_curado_marihuana
2025,21,0.5473862678739364,73.47494135180838,0.7449972164699986,21_buenas noches_noches_buenas_pecadora
2025,22,2.20540626085917,73.47494135180838,3.0015760751674145,22_verdad_agradecer_emocionado_quiero agradecer
2025,23,1.0,73.47494135180838,1.3610082316525562,23_amante_marido_mujer_matrimonio
2025,24,1.0,73.47494135180838,1.3610082316525562,24_amor_dije_pa_pa pa
2025,26,6.0,73.47494135180838,8.166049389915337,26_celular_pegado_teléfono_whatsapp
2025,27,0.2225763777515082,73.47494135180838,0.30292828229121155,27_soltera_bebé_arturo vidal_tinder
2025,28,2.0,73.47494135180838,2.7220164633051125,28_puta puta_noticias_puta_ta
