show,Alejandra Azcárate,Alex Ortiz,Alison Mandel,Arturo Ruiz-Tagle,Bastián Paz,Belén Mora,Bombo Fica,"Carlos ""El Mono"" Sánchez",Carlos García,Centella,Coco Legrand,"Daniel Muñoz ""El Carmelo""","Daniela ""Chiqui"" Aguayo",Diego Urrutia,Dinamita Show,Dino Gordillo,Edo Caroe,El Pampero,Ernesto Belloni,Fabrizio Copano,Felipe Avello,Fusión Humor,George Harris,Gigi Martin,Gloria Benavides,Hermógenes Conache,Huaso Filomeno,Hugo Goodman,Hugo Varela,Jani Dueñas,Javiera Contador,Jenny Cavallo,"Jorge ""Chino"" Navarrete",Jorge Alís,"Juan Luis ""Jajá"" Calderón",Juan Pablo López,Julio Sabala,León Murillo,Los Atletas de la Risa,Los Indolatinos,Los Locos del Humor,Lucho Miranda,Luis Slimming,Mauricio Palma,Melón y Melame,Memo Bunke,Millenium Show,Natalia Valdebenito,Palta Meléndez,Pam Pam,Pamela Leiva,Pancho del Sur,"Paul Vásquez ""El Flaco""",Paulo Iglesias,Payahop,Pedro Ruminot,Profesor Salomón y Tutu-Tutu,Pujillay,Ricardo Meruane,Rodrigo González,Rodrigo Villegas,Rudy Rey,Ruperto,Sandy,Sarah Sanders,Sergio Freire,Stefan Kramer,Zip-Zup,Álvaro Salas,Óscar Gangas
Alejandra Azcárate,0.9999999999999998,0.19426896049033068,0.5449719783306447,0.31297288569591386,0.6938483206979672,0.7294109371037527,0.2131225831499351,0.18991393796229994,0.12736293770056548,0.1742584141409243,0.1220027362442691,0.020004121589136416,0.6489370316756133,0.08012311614528017,0.13710420683926874,0.595747378004788,0.2363078006892434,0.0070674894181795645,0.17445329709345359,0.08452959381384441,0.22233807122737795,0.13677561765650642,0.09615960440912875,0.07664123710654755,0.1236977942876896,0.1490374252046083,0.10866678153556844,0.5700508946860947,0.0046282907588065855,0.5115122722889918,0.7925240256277285,0.8515829087948761,0.19321846380157512,0.2292057390018763,0.13260277491397657,0.09688539819859154,0.014718413802574788,0.09585183645536871,0.14640793547964256,0.5580571335886249,0.05279637920115867,0.09530863951251681,0.3804348319670602,0.0407345080212167,0.03663622471468901,0.05445322429039489,0.014215893375873145,0.32063186564771595,0.12527836975415566,0.4166017950759982,0.13696580088441954,0.09487346828417305,0.06368770387197599,0.2801842891330923,0.3702961314732213,0.1170860689634266,0.011811967735055795,0.053082238733314586,0.04222502229396809,0.19338366251768382,0.09603221702113232,0.0058602789223889,0.014572866297919514,0.3426474954473684,0.5807666218138392,0.27144626896888513,0.04579466100823381,0.7234275787868123,0.3202519797163605,0.22875946884262158
Alex Ortiz,0.19426896049033068,0.9999999999999999,0.533193223147954,0.09094768216455149,0.2959287050655223,0.2010296268646267,0.17530827692321588,0.11589648181007696,0.05140239913542507,0.027837556919292347,0.13552781754028556,0.009826905568898838,0.32792193620730864,0.18648391782187584,0.12823229800806357,0.20635779549633426,0.10382838459491177,0.021878322746118346,0.0942412495235364,0.08586199906689276,0.11008806972348491,0.1418837780295215,0.027846644083910566,0.0,0.04812547562261439,0.06455067103616913,0.11460547780797595,0.18341794535875502,0.03984881629136219,0.28946881423587945,0.24459745353072493,0.22707305633540928,0.03784824841674625,0.08978456018087029,0.0789003447012286,0.027770044459830213,0.2059954453954224,0.016389587400357803,0.21783071226880923,0.2830186194295527,0.20179069603993066,0.07191557857739304,0.24117104514117954,0.09554405692757123,0.1920198277714312,0.023501009230099176,0.0,0.021204382703906885,0.06362577965717679,0.5022263515793337,0.4702666261685734,0.013001680912997861,0.23456040654765287,0.3221053885563951,0.10519760794409376,0.08622213192216172,0.00669242391033717,0.03390425113458197,0.018693958701048313,0.213972626242094,0.44719021499982214,0.04228856168964089,0.006877416342616054,0.17342550025054718,0.20256435780985182,0.1406475455285755,0.028633042974912738,0.1347531925503877,0.10053653648456382,0.053395770311637634
Alison Mandel,0.5449719783306447,0.533193223147954,1.0,0.4412717515475538,0.6563092101402458,0.4085308851594188,0.5538093102947054,0.43725586478755357,0.16637731507719122,0.2806690383114134,0.2583326230330404,0.10292375012755363,0.6605898997230112,0.35519939863899463,0.4063100559467229,0.5357373987388532,0.34853585027334394,0.18853099672590146,0.24481864658391914,0.31056400232386255,0.09388327590170338,0.2173821155887218,0.34232496243996713,0.09870676149231311,0.205795312091789,0.4012923047006569,0.3638708347067105,0.4320410109501432,0.03455726793927529,0.6224248720409301,0.5930054291450696,0.4222680392727194,0.2572805381802872,0.4483517156455713,0.18060143748731197,0.2838591852836869,0.18572510216570332,0.2716887629542092,0.07052116508203492,0.455788457872315,0.19133272889613145,0.25968070685930655,0.5603009460850498,0.19396610676065149,0.12924761550030536,0.2427404540002917,0.08793744995569519,0.4853495820463092,0.360859880375943,0.31299350106003904,0.31489629927505597,0.1677851649383719,0.3190727732860635,0.31156062209500873,0.29808034522721527,0.3379865199329661,0.08305130009879332,0.12491048708979585,0.08836923723780213,0.37063977824533506,0.3829377080978995,0.15759668491452525,6.956149102376742e-05,0.24684223739632108,0.3958338718667157,0.4442394253231055,0.09242855077787789,0.4732520622996706,0.4188739493690722,0.4062122560360772
Arturo Ruiz-Tagle,0.31297288569591386,0.09094768216455149,0.4412717515475538,0.9999999999999998,0.5801956239111105,0.31828176121746576,0.6937739692176897,0.5617696181192513,0.21747988382299807,0.5525722773729248,0.4722585852884767,0.19174915665194087,0.47958596722358626,0.5477622256143683,0.5348457480496135,0.7947749786672013,0.8340877943447885,0.6558173682545677,0.26894651837477135,0.8239279024253026,0.23950167120738222,0.4882050170601706,0.7270980658103549,0.19546254895403645,0.4332025637294069,0.7962850996289722,0.3549905354065312,0.6870294596747751,0.21690663934639087,0.5880962694496862,0.6481357179440561,0.2924010001636221,0.5047145382841307,0.7928414142392798,0.5314028349105621,0.7553450600965306,0.4629141553563683,0.5637460489054177,0.10181454486025225,0.4627519643352908,0.4858789624597516,0.24159762504803442,0.8076218280068116,0.6828664488253975,0.32654599785445065,0.2980099387760293,0.318640426563725,0.24277555113382332,0.7050325148764425,0.27483341362759084,0.4397543674680817,0.4872450012104326,0.44649552014030275,0.2882973397694411,0.3920509834551139,0.864458600224566,0.2746851949088605,0.0950596520869088,0.2630818279794047,0.7242645188026479,0.13217700792660086,0.20524912715654597,0.18440415725258544,0.3253078052889488,0.6088032083615272,0.8281011999369557,0.33960948047774253,0.3304819196482191,0.8332636378953862,0.7260576439284243
Bastián Paz,0.6938483206979672,0.2959287050655223,0.6563092101402458,0.5801956239111105,1.0,0.65989257430536,0.5667205092783806,0.41394899355008774,0.15773771543933707,0.3830588653567678,0.3231965253947056,0.17535193641389313,0.5982960399017988,0.2166888123312712,0.3391366860642724,0.7523265967794155,0.47892789162160043,0.2675154140761916,0.09439257067221334,0.35434699607946146,0.1278277122343409,0.17669491148761282,0.39151042081982307,0.12687921876501923,0.18040333708931666,0.46661783473871044,0.263381117022075,0.7312101094815434,0.05804869558729896,0.47848078338760275,0.8233116577066318,0.7346632418010404,0.24090051395265957,0.5531392928091515,0.2768254988912456,0.32732736346014185,0.2893238978294405,0.2506751442681397,0.022408516095389703,0.5433002708685509,0.2638890526374035,0.08016889961342342,0.5819475476932705,0.2992514428937551,0.11518593506870213,0.13210268322039947,0.142186254527284,0.26616451265488517,0.3698669471235413,0.39561370956249486,0.24934018128347407,0.24928141696392447,0.32191797868805666,0.28893839662942067,0.352877786314954,0.4516370052886234,0.13697781799475112,0.03409924998601523,0.10915929074485545,0.37924160414488417,0.19845311189838186,0.259673213435953,0.0422171259868347,0.3701897750043035,0.6947006533575935,0.5330681698219715,0.11555121079251018,0.40083237718815,0.5402698442499637,0.4642258757741692
Belén Mora,0.7294109371037527,0.2010296268646267,0.4085308851594188,0.31828176121746576,0.65989257430536,1.0,0.18138467031372982,0.03706611752204578,0.03597951111818794,0.1323318513301365,0.07695364720359192,0.06425544763748661,0.3953041633417144,0.05195927646359787,0.08546307706420737,0.570009244395686,0.18307778262140548,0.06063936984497371,0.0670064932801752,0.08003706783492545,0.18396042391297762,0.13124893521921224,0.09421635603774298,0.0032417171182969056,0.13762005507333888,0.09459792331345435,0.11938730128740471,0.7690176819227769,0.007640100296951186,0.4496751910292316,0.7197032668194221,0.8210238763927458,0.07560740157616828,0.20732390451903523,0.12559499682612155,0.0714180752196767,0.04306289808019951,0.025045064192050822,0.2512013075822151,0.48837871540074285,0.25861114438278193,0.170783232479938,0.4767160797911427,0.04963805756491294,0.14099910616858277,0.05702521161722465,0.007375033940316211,0.12018737969784464,0.15458940715886368,0.41790784004604237,0.1904091555352097,0.15845433712510784,0.11293408860279465,0.1683375325173284,0.2994462534430928,0.16548544542510749,0.0171555418886749,0.006323179345639443,0.12964408203423344,0.08296854127707153,0.1325197472931939,0.1113687164686559,0.009294863273867682,0.34446691577282273,0.5706804996618969,0.34213879486644927,0.01580861791838466,0.46085324363658153,0.39895390237288636,0.18179810650592362
Bombo Fica,0.2131225831499351,0.17530827692321588,0.5538093102947054,0.6937739692176897,0.5667205092783806,0.18138467031372982,1.0,0.46670737982589694,0.2230741230293856,0.5586833671621803,0.4773194636377329,0.014613473381512787,0.535607050091959,0.4261893254741111,0.426514238349911,0.7318981768676766,0.6983216851393108,0.559266517475349,0.15159586921481383,0.6581169367769537,0.20551776710095793,0.26710604044143854,0.6603558409409801,0.10998282479170994,0.23171618932912752,0.7367961159320187,0.5642342934652897,0.566819563510639,0.09603147532863512,0.29045704054448496,0.5189025045805816,0.16698649789720374,0.6248627423775152,0.8079798690251683,0.4341608336050386,0.7133384419147037,0.35410489337338424,0.5930826191727012,0.22043502190392505,0.36404658820473335,0.44553041172770763,0.17672385630191847,0.6313907321679917,0.5272198881818182,0.2025658565968839,0.23146252464292194,0.2310045384247923,0.2269445745628408,0.5791346901597622,0.09913670727824637,0.292187171064577,0.36027418015436286,0.3225196013291587,0.33641605358452614,0.22614778447941347,0.7097822545550845,0.20589989514229398,0.26059203719900614,0.3682330157925546,0.6370616736650064,0.2784578992247685,0.04135111136397584,0.002208383662930484,0.29194709438800787,0.4476043478352803,0.7320826691885735,0.26671756367668065,0.2944179508147376,0.7098630520513468,0.7519742279278389
"Carlos ""El Mono"" Sánchez",0.18991393796229994,0.11589648181007696,0.43725586478755357,0.5617696181192513,0.41394899355008774,0.03706611752204578,0.46670737982589694,1.0,0.3817728679954602,0.44628083166018095,0.41346734238584254,0.09721691526973243,0.47421887448696654,0.4331735889731114,0.5396117507800803,0.4495587334607286,0.5559545475652711,0.36714615788185295,0.3972312306101131,0.5011736748963709,0.07175879997095116,0.17376895342044912,0.5050267570502056,0.16112963939410932,0.16530261346108216,0.6775353207467043,0.11081611103360298,0.3872588277390739,0.07858907231606194,0.1948976551910133,0.24175766957334557,0.062440313870562994,0.2501797018216509,0.4919493193326608,0.48889008162556646,0.4374992257213867,0.4550515884492259,0.4815176650814207,0.05497346188595094,0.2769225855077742,0.5149065433188356,0.06199029810036372,0.39880635874194675,0.49901729119260013,0.19088875332677696,0.10800304404195823,0.16885278501561088,0.33407681519179905,0.5748794836641116,0.04321484581938879,0.4531697210236186,0.34121568810032804,0.31886683447839625,0.429684129795259,0.27134565017925344,0.5181264707385441,0.15365176313609663,0.22946184830835192,0.1430683887261547,0.5130511277427456,0.25672468028419104,0.16747941133533834,0.18119549244636415,0.2532221460551407,0.4861422307593261,0.40730779246908533,0.185274252718012,0.30269930095087677,0.6272042650098965,0.5110583996313246
Carlos García,0.12736293770056548,0.05140239913542507,0.16637731507719122,0.21747988382299807,0.15773771543933707,0.03597951111818794,0.2230741230293856,0.3817728679954602,1.0,0.3878121359382856,0.21531935611727568,0.18419217830140722,0.22956974023206242,0.04339459203991556,0.4732670254710622,0.1589611380739993,0.16407070811910837,0.07753358489890086,0.4399095271325177,0.15388945561199163,0.4652538529569742,0.18487153094734377,0.042685034850113525,0.11514906984433551,0.1621678180820199,0.2573464168567765,0.48593660905599206,0.07254825451769856,0.524895682577422,0.17848745194227356,0.09874351218488277,0.03952039349284546,0.13262771391982675,0.1741226021761794,0.23926517876796216,0.37535651745735504,0.14747877397885786,0.1859298579183764,0.17178802905290957,0.37402768143724524,0.3037098017990736,0.028269440023451956,0.09450320621716796,0.30968951038167564,0.27067558953198706,0.23731580642737515,0.014738031311648669,0.4101178599246451,0.172364654095927,0.23038214806950552,0.45116543752419286,0.08686474568650487,0.11236504989443628,0.35101605851641055,0.3556120330765082,0.08808796579917859,0.050856749707110085,0.10408698557012007,0.10472247285054347,0.04703369861998905,0.43666463918858395,0.3287677430073507,0.017623867579044723,0.13747220352186335,0.21752103783082602,0.03155134780857364,0.1648794495248933,0.24144371385987098,0.28295503156704194,0.23580459394845174
Centella,0.1742584141409243,0.027837556919292347,0.2806690383114134,0.5525722773729248,0.3830588653567678,0.1323318513301365,0.5586833671621803,0.44628083166018095,0.3878121359382856,1.0,0.2956434696863575,0.02347395871892567,0.2618787405216,0.2888676734551438,0.5018725504863487,0.6143837506784036,0.47143137621697795,0.6594260865623587,0.04813111491540327,0.4401796722923833,0.23303538402829077,0.07906240816814576,0.4599272546894087,0.16526902911410377,0.17917057285420493,0.7560717969100045,0.3121322531495359,0.3803194141234544,0.18493714870079517,0.2007563277107181,0.28846648081677567,0.0901888825290596,0.2963486541086798,0.4650401170410405,0.2691980730873576,0.7369663161682063,0.25821939948346606,0.32310279447060414,0.10850399650278379,0.28806411357132844,0.3980157677393067,0.048509455886817175,0.4024138173631589,0.4641800888147262,0.12343448356145316,0.1018458620826476,0.15949489559767138,0.5372698780934617,0.5587086382488827,0.07335480891110019,0.21434129456184897,0.26771777921949114,0.1814127068281923,0.21079799675310182,0.14758919478007404,0.5158561998028607,0.13265739828585657,0.061397661610303605,0.2139380703275917,0.45841253521814235,0.2061803676342527,0.06213554966008222,0.0003361471019249561,0.21525592606606087,0.3067551691323053,0.39969974268261577,0.13742086396395323,0.22741647842202142,0.5452120075684233,0.4979851268324342
Coco Legrand,0.1220027362442691,0.13552781754028556,0.2583326230330404,0.4722585852884767,0.3231965253947056,0.07695364720359192,0.4773194636377329,0.41346734238584254,0.21531935611727568,0.2956434696863575,1.0,0.06449222243308145,0.2982020350574732,0.29009616714267417,0.36416725752814993,0.4732139511825516,0.6056591278191185,0.26987807966618443,0.19453963786130335,0.534160861496986,0.12255684344499493,0.36828762906546525,0.31149814000221926,0.2663347605722758,0.13327935886957912,0.4432151648946243,0.15158159152049347,0.3299551074857614,0.13782893469846047,0.22936671039461742,0.26687312861430945,0.07502126938173602,0.2568458433213258,0.3806363817515718,0.810131054082667,0.5573465490910922,0.31408201789495827,0.7007945127318198,0.2454753632987096,0.2207860281527369,0.4337874861713465,0.07260092750209804,0.3475700653627018,0.38416741733978255,0.2158061806967987,0.12507728100993934,0.11996130522851386,0.20763646285203766,0.4104621254203728,0.21625717056960905,0.2964425182624348,0.20627644112244192,0.577802516096367,0.3508609955240501,0.33424323058220146,0.48600095355633754,0.2535865077219775,0.05941945159844941,0.8086715891929227,0.613385976779538,0.2582979083066172,0.12769321852329205,0.12480467686641614,0.15379031446487468,0.2705239451838283,0.4820522946762855,0.19514474523630101,0.1309785242214236,0.4815022086847864,0.33736726185915533
"Daniel Muñoz ""El Carmelo""",0.020004121589136416,0.009826905568898838,0.10292375012755363,0.19174915665194087,0.17535193641389313,0.06425544763748661,0.014613473381512787,0.09721691526973243,0.18419217830140722,0.02347395871892567,0.06449222243308145,1.0000000000000002,0.012110638781014003,0.05721216544450431,0.36852664011450986,0.043691525138836514,0.026707177359096675,0.03791534645314378,0.17110727648268095,0.09816691709544656,0.006226249749897793,0.40473796492471154,0.008150231226159979,0.2542855286459405,0.7039358096301382,0.06547586346228125,0.18275844821933038,0.03938903156827151,0.14165809962628256,0.11870358493615771,0.02261240485856716,0.018259711976712015,0.054428579332151915,0.06868112198786894,0.011645903244976823,0.07023594216890452,0.13778206887873062,0.015341147168832515,0.04850811181263967,0.5347127739572224,0.27645075422828413,0.022805785076175287,0.03530652673912997,0.13163227673557976,0.45152663624640726,0.07425626240149522,0.26234658357978957,0.015410887298528504,0.1142148875799176,0.13328778687820314,0.08983316644392769,0.6059440121755306,0.23181908451807773,0.026348660941237063,0.4188638306305283,0.05195359614472205,0.05622550975498777,0.0218683943432655,0.013766173413568155,0.09561379806518625,0.03159764823454913,0.5404810660402207,0.04872728999147322,0.02101968090843423,0.012888040299230392,0.014175550736359203,0.2134026022403989,0.0356101391814459,0.14014497905976292,0.15986599710270843
"Daniela ""Chiqui"" Aguayo",0.6489370316756133,0.32792193620730864,0.6605898997230112,0.47958596722358626,0.5982960399017988,0.3953041633417144,0.535607050091959,0.47421887448696654,0.22956974023206242,0.2618787405216,0.2982020350574732,0.012110638781014003,1.0,0.2209696119903457,0.40293917065753476,0.6347686221287395,0.4921170627717097,0.28606817143276936,0.5631242542792976,0.41655197857828014,0.283150852512356,0.16250281357190677,0.37373104887292674,0.08583207813470545,0.16659344795884043,0.5061451539114692,0.21376971351727048,0.5354543804042022,0.0426622292463137,0.3764303178700109,0.6840549828663123,0.5183842410153731,0.33495655659750023,0.5477801600705916,0.23036988283866827,0.34797844629142693,0.2070965769625139,0.5001558758752191,0.10503631091309348,0.5378228235182247,0.2622792748236456,0.09406956939136273,0.5344003785337235,0.2858240237383787,0.09216017361360233,0.10484698640446072,0.12606239360164062,0.13561786663737488,0.33631734705896305,0.28960079408110506,0.3085387706940091,0.18009870866007088,0.3444564578781463,0.3734562514426512,0.437530886217707,0.4502037890192431,0.1645705761440971,0.14967383364286582,0.18306862279410432,0.476115749569849,0.36251997083803106,0.05013423339575664,0.008532167583233491,0.279179977656395,0.5175980843124829,0.5392196383289557,0.16456658504985638,0.688232317673992,0.5384850223818466,0.3756392533543433
Diego Urrutia,0.08012311614528017,0.18648391782187584,0.35519939863899463,0.5477622256143683,0.2166888123312712,0.05195927646359787,0.4261893254741111,0.4331735889731114,0.04339459203991556,0.2888676734551438,0.29009616714267417,0.05721216544450431,0.2209696119903457,0.9999999999999998,0.30667016006395803,0.36975435463532297,0.6275023860357767,0.4516758059748791,0.06739592670602214,0.6999330948304989,0.10692177551902529,0.15809710645424577,0.5246456722806121,0.0338424837034779,0.23202586802264832,0.5324026061995379,0.21581595478115986,0.4233532775368887,0.1633727384258157,0.46755996567772395,0.3540256675628463,0.0028177480030281738,0.37497179722162294,0.5304294195584206,0.21879249553788882,0.45375638295725873,0.7800094299893762,0.3850485218880834,0.09083565576629352,0.16679633426026239,0.5045290317817009,0.05887152412219738,0.55068553372157,0.6677217243365163,0.048185848398088635,0.3432024423192751,0.2303761600339158,0.2770112505705535,0.40271736747451065,0.11574456960558689,0.33652958639969693,0.19968131781351536,0.21517424000035207,0.1745424855407365,0.24033120681597836,0.6365545584495912,0.18935400178424064,0.1049631361752984,0.13208293892811762,0.6134269761541744,0.188753108110498,0.15316467749694357,0.016112615631334506,0.1433741417197263,0.30711203338937704,0.591085381811158,0.31505371152071276,0.0665654005479716,0.47373320836863864,0.4267614504620879
Dinamita Show,0.13710420683926874,0.12823229800806357,0.4063100559467229,0.5348457480496135,0.3391366860642724,0.08546307706420737,0.426514238349911,0.5396117507800803,0.4732670254710622,0.5018725504863487,0.36416725752814993,0.36852664011450986,0.40293917065753476,0.30667016006395803,0.9999999999999999,0.43721306561261436,0.4215156487758329,0.46240789768620216,0.47867199822305945,0.3969064457814583,0.31132044028223177,0.3829916286702674,0.33810720709522923,0.47393497975703797,0.5184144120956834,0.5203832292757992,0.3340600214345361,0.2602590881223614,0.1756969499285119,0.25025279796656524,0.2619357300057265,0.03580152838188137,0.45179202098218574,0.4409487472912472,0.3379590694398457,0.41733582924071666,0.22625997459609765,0.3189428519388313,0.11418384659830172,0.5970640706855713,0.49888962872514603,0.06057974106554939,0.37629348321507977,0.43292659047548715,0.38459022736589443,0.3119210200254684,0.46572015610097345,0.30206027118848744,0.5256581271760798,0.11008336512574746,0.3068846273549647,0.4490470064655308,0.3811838546341084,0.3426205592600595,0.3128106561406766,0.42267795540798286,0.3815406025045025,0.22967841918563764,0.2118125196754952,0.5042457698341153,0.6499083316323214,0.29090931654445995,0.3869714002123412,0.3616540006627771,0.2101567305178512,0.3294736471926045,0.42865569543547605,0.16378311151475494,0.5797319457681985,0.49127013157002697
Dino Gordillo,0.595747378004788,0.20635779549633426,0.5357373987388532,0.7947749786672013,0.7523265967794155,0.570009244395686,0.7318981768676766,0.4495587334607286,0.1589611380739993,0.6143837506784036,0.4732139511825516,0.043691525138836514,0.6347686221287395,0.36975435463532297,0.43721306561261436,1.0,0.7781004423933404,0.6046833587570563,0.139643003435831,0.6432548424153732,0.20956785277959333,0.35889441104574304,0.6371928179999249,0.25251422030869275,0.33269223129060027,0.7464627850087762,0.32116202046606895,0.7824963449984432,0.08270543067525422,0.525176248992191,0.8014455502313421,0.5908672611791702,0.5321993471249546,0.7114473041969165,0.4489886941348127,0.6803309774896876,0.3292689100633253,0.49319704761883204,0.17927825259708507,0.5848435894191113,0.4880115265878114,0.24687295216093322,0.76181049364995,0.48284962335600196,0.16930704342627376,0.16622848863880862,0.2484643938493029,0.19956288230083957,0.6594102835896338,0.3620415437838433,0.39879564371847154,0.31263849177919906,0.40101666908539924,0.38983861171438267,0.3687951676899523,0.7251519733902088,0.28859442239629823,0.18153771376370378,0.3911988693244227,0.6602643221609227,0.2196841982013222,0.05416590181041991,0.08903902105711844,0.5025645271173744,0.7676746610362287,0.7618303493012226,0.2899688653946008,0.5473425415953583,0.7653224589267519,0.6628931095997137
Edo Caroe,0.2363078006892434,0.10382838459491177,0.34853585027334394,0.8340877943447885,0.47892789162160043,0.18307778262140548,0.6983216851393108,0.5559545475652711,0.16407070811910837,0.47143137621697795,0.6056591278191185,0.026707177359096675,0.4921170627717097,0.6275023860357767,0.4215156487758329,0.7781004423933404,0.9999999999999997,0.6626439553296163,0.17816250042935702,0.9230272364173607,0.16886894639721767,0.36169626869048516,0.748536008031535,0.2267755134179859,0.23807486545984366,0.8159825507307841,0.2696205892017554,0.6465829851020352,0.19683020215390967,0.47504269992079184,0.5684729348195163,0.2076164612945202,0.5817663876096711,0.7987629213665791,0.5695949448087596,0.7703119746568994,0.5779685629186911,0.693269080360031,0.092684095161168,0.40149201475482077,0.6144643892345062,0.09317618944801263,0.7510766531510115,0.6906313543794358,0.23299461815277073,0.2212379579590438,0.31129182968235297,0.16931878555881932,0.675344574366659,0.17404337528490627,0.42548148717365486,0.3461839284616203,0.5540391007958897,0.3040261784438614,0.27777879673815487,0.9331297425996907,0.4770089603821452,0.1674816290398989,0.5187685260905311,0.826887156771695,0.13806888575395093,0.0783625814035887,0.06150689754993932,0.33887345823749604,0.6279302765932191,0.8974371896310376,0.3830445186592988,0.25171324033660974,0.7834784184695618,0.7019707725797955
El Pampero,0.0070674894181795645,0.021878322746118346,0.18853099672590146,0.6558173682545677,0.2675154140761916,0.06063936984497371,0.559266517475349,0.36714615788185295,0.07753358489890086,0.6594260865623587,0.26987807966618443,0.03791534645314378,0.28606817143276936,0.4516758059748791,0.46240789768620216,0.6046833587570563,0.6626439553296163,0.9999999999999998,0.22157616815119482,0.6811326904900362,0.1126295619357869,0.1365324398456258,0.628168823206578,0.03965754161004286,0.23623461347405542,0.7662074539823213,0.21850422506795722,0.4283963235654505,0.3604686119557274,0.2527444771918868,0.32826366501788756,0.007344830087156835,0.3892998956687581,0.6413759109856721,0.2697218508093473,0.7297134928284851,0.4204470348134058,0.4785091647244909,0.045910765524078245,0.2410173599478601,0.42227496706799894,0.08853694374664245,0.5469552376320037,0.6253915593007268,0.25663078474904905,0.1515886395254121,0.4025086829603519,0.09471914890850076,0.5912920827743424,0.05274066814670013,0.28452893453595335,0.23833402601922818,0.28576652858110013,0.15146464347016564,0.1931231801012002,0.6998960852144192,0.5749901409226275,0.078731713735527,0.2512873393185677,0.6369395818568514,0.11460583420570047,0.09617273653102858,0.0029559744576801036,0.21758569843840017,0.3747851088220267,0.5925242018482672,0.41783292026391755,0.13057469064217825,0.566479331845293,0.5254935831020193
Ernesto Belloni,0.17445329709345359,0.0942412495235364,0.24481864658391914,0.26894651837477135,0.09439257067221334,0.0670064932801752,0.15159586921481383,0.3972312306101131,0.4399095271325177,0.04813111491540327,0.19453963786130335,0.17110727648268095,0.5631242542792976,0.06739592670602214,0.47867199822305945,0.139643003435831,0.17816250042935702,0.22157616815119482,1.0000000000000002,0.23040730666283307,0.4016425495089223,0.2686187383805063,0.06401117581955164,0.09768019685891619,0.23483632600256849,0.23928631198421044,0.2769316093494638,0.10143896342268342,0.23466130193138124,0.117611563314262,0.15403362302694312,0.09867089631781073,0.17547139727262234,0.2659950897308694,0.23565028269909996,0.169017597147073,0.05502034950537093,0.34300798473487953,0.2496943337987901,0.3496387395051182,0.20432837757787212,0.06294260699645748,0.1222622101930353,0.22979092320519337,0.3757391098062297,0.0674706677996958,0.19755548039594076,0.06723730498116273,0.1670953365340354,0.1596921263159498,0.2769888909599831,0.09029389424747503,0.3189624231640858,0.4964526930403745,0.5235293460178605,0.15604158841143767,0.321065822649516,0.1892320493050719,0.0954260255065689,0.15987309712498626,0.2286959143362583,0.25946840261481957,0.21805322409585445,0.13890567813625598,0.08599187623671388,0.17352793032997016,0.24682348750358518,0.3640470630661644,0.31215867316903423,0.1525554469215122
Fabrizio Copano,0.08452959381384441,0.08586199906689276,0.31056400232386255,0.8239279024253026,0.35434699607946146,0.08003706783492545,0.6581169367769537,0.5011736748963709,0.15388945561199163,0.4401796722923833,0.534160861496986,0.09816691709544656,0.41655197857828014,0.6999330948304989,0.3969064457814583,0.6432548424153732,0.9230272364173607,0.6811326904900362,0.23040730666283307,1.0000000000000002,0.20522290142457292,0.3286769821173346,0.7643227507327114,0.13085796932698437,0.31652495317780815,0.8053386059483044,0.2560768762340358,0.5710018977770653,0.2234019527916221,0.4698345435654917,0.4772236115532341,0.01908857477964299,0.4759017161273962,0.7495338155077617,0.45234118958064606,0.7764627597085065,0.6028107715334111,0.7020347062177519,0.13253855316279628,0.25374733837781516,0.5329427418480911,0.11402813663379832,0.7617869665084345,0.7248393618926448,0.2189707131715686,0.23250800545108588,0.3230792515377082,0.18651365737690043,0.6751837607055127,0.12830477058366294,0.45017168524406037,0.316905614137358,0.5209903883611952,0.25124989258579183,0.34674086940211357,0.9497716072470915,0.4223315901627061,0.10160010761498263,0.43749366507318627,0.7988977357417536,0.13286576708581044,0.19445487373927525,0.017260507728161758,0.22909439839145807,0.4847130701688437,0.9027162042832931,0.3749401718177877,0.14995643997810723,0.7223530037358488,0.6307942879290863
Felipe Avello,0.22233807122737795,0.11008806972348491,0.09388327590170338,0.23950167120738222,0.1278277122343409,0.18396042391297762,0.20551776710095793,0.07175879997095116,0.4652538529569742,0.23303538402829077,0.12255684344499493,0.006226249749897793,0.283150852512356,0.10692177551902529,0.31132044028223177,0.20956785277959333,0.16886894639721767,0.1126295619357869,0.4016425495089223,0.20522290142457292,0.9999999999999998,0.06388873033340758,0.07658382337095655,0.008066209701668353,0.29993933159499003,0.15099231110705277,0.3532454127913953,0.10491579676680542,0.12555064963174953,0.07151658291037853,0.3138656581381038,0.10492358621033823,0.21860219245626233,0.1802964061433491,0.17905473148592096,0.3312357313694378,0.10066032246393389,0.10743502089905968,0.2530425141315073,0.32930394332702667,0.24016827598431673,0.1070791675767709,0.18882529455772787,0.2579500181264743,0.08436870055269148,0.020321044094999133,0.01114556234102234,0.16866777192315494,0.1465453606239075,0.07604363951589403,0.35197207008815345,0.02273534070030216,0.39533324612087334,0.27020156200806816,0.06967753941646723,0.16758379969809936,0.05340154244800315,0.04704019925581094,0.10705922016780692,0.22398049752888416,0.32048399029890606,0.3157884389930728,0.07278707335486051,0.12871911931654265,0.11994444123749287,0.19718429043778576,0.20037511174717015,0.34102326344853967,0.24327606348176603,0.18443617933374268
Fusión Humor,0.13677561765650642,0.1418837780295215,0.2173821155887218,0.4882050170601706,0.17669491148761282,0.13124893521921224,0.26710604044143854,0.17376895342044912,0.18487153094734377,0.07906240816814576,0.36828762906546525,0.40473796492471154,0.16250281357190677,0.15809710645424577,0.3829916286702674,0.35889441104574304,0.36169626869048516,0.1365324398456258,0.2686187383805063,0.3286769821173346,0.06388873033340758,0.9999999999999999,0.13165451658217484,0.49736021972633043,0.48563636699385415,0.1686664133413738,0.26791126122049835,0.2255033727662705,0.14786686466753002,0.4474245077351528,0.18532525131174046,0.15024899213849846,0.433919118043194,0.20918416308138818,0.37495345091772303,0.2908292997980838,0.11796411520880577,0.16660523253954343,0.13770314551780577,0.37010186704254106,0.3195799394438324,0.24771058716740682,0.2920802483243371,0.2108187919109,0.6570094742614929,0.09629841579438518,0.21337606071567983,0.09635827868583959,0.40130912868461843,0.1380711719714959,0.17330574696573472,0.34829635648486845,0.4221518945843536,0.11284661361665826,0.4307993357486503,0.2650268281758277,0.22249083541184586,0.26695901709068975,0.2326441165947084,0.272651718760908,0.1320372731273815,0.1682202065215193,0.3724410179522835,0.26950017845235696,0.14518258686191204,0.33887903426949173,0.4301073951988494,0.2223600107746313,0.4222649132817663,0.3146182210029385
George Harris,0.09615960440912875,0.027846644083910566,0.34232496243996713,0.7270980658103549,0.39151042081982307,0.09421635603774298,0.6603558409409801,0.5050267570502056,0.042685034850113525,0.4599272546894087,0.31149814000221926,0.008150231226159979,0.37373104887292674,0.5246456722806121,0.33810720709522923,0.6371928179999249,0.748536008031535,0.628168823206578,0.06401117581955164,0.7643227507327114,0.07658382337095655,0.13165451658217484,0.9999999999999999,0.03456479550864011,0.24754837296524718,0.8317434387179045,0.23922608264626033,0.5620773431361826,0.12678166572785363,0.35218949593004384,0.47533075824675514,0.11098631256123521,0.4395629404720882,0.7555849084481391,0.36374290311851626,0.7345237755574053,0.4606272524200097,0.5685851281981278,0.024571125015236454,0.2139498808613342,0.31590493755426974,0.08699162223095808,0.696131782472156,0.641375012312889,0.0693306242555374,0.19043195631704726,0.29922619589078026,0.07527417245459372,0.6860898255910496,0.10517003160004071,0.2961926310580763,0.2964904406555654,0.2894776986474109,0.1449664604094031,0.20903141592438068,0.8301880446081163,0.24685777496987804,0.15290699865085466,0.1924009374792028,0.6646680320493699,0.09810698623832738,0.03526680057613684,0.0,0.24577541199942635,0.5173913960395644,0.7301021471490526,0.24779966139415835,0.1625064398490883,0.6969245190418789,0.8031482828373004
Gigi Martin,0.07664123710654755,0.0,0.09870676149231311,0.19546254895403645,0.12687921876501923,0.0032417171182969056,0.10998282479170994,0.16112963939410932,0.11514906984433551,0.16526902911410377,0.2663347605722758,0.2542855286459405,0.08583207813470545,0.0338424837034779,0.47393497975703797,0.25251422030869275,0.2267755134179859,0.03965754161004286,0.09768019685891619,0.13085796932698437,0.008066209701668353,0.49736021972633043,0.03456479550864011,0.9999999999999998,0.4688025072063726,0.14855235522213064,0.038935243612560864,0.06679637872208856,0.0038222026423136777,0.20676573429965378,0.0185422931343023,0.004118420800835927,0.39054386914250283,0.06948750881749063,0.14511841352318391,0.10819813551036772,0.02947743077580073,0.05868742956366131,0.026975974138937844,0.3017398896093213,0.23849747594380297,0.004224748055205737,0.04546404010180277,0.10224725071226379,0.15897667119116815,0.008795387754365905,0.5914141760698206,0.2081465203370566,0.21642209029754558,0.021193480126473978,0.021884202333990188,0.32796569393769504,0.339521553226447,0.15843949559352338,0.027005423362539506,0.15778631253671174,0.3872472264658514,0.3105605938504178,0.1854757479306635,0.11707055968788728,0.13072389825341782,0.030887626592950596,0.7078842694206423,0.47825943508041263,0.03128789861553284,0.1386611547271425,0.48935293529317464,0.032907680503459845,0.1726133156808052,0.16931062036830394
Gloria Benavides,0.1236977942876896,0.04812547562261439,0.205795312091789,0.4332025637294069,0.18040333708931666,0.13762005507333888,0.23171618932912752,0.16530261346108216,0.1621678180820199,0.17917057285420493,0.13327935886957912,0.7039358096301382,0.16659344795884043,0.23202586802264832,0.5184144120956834,0.33269223129060027,0.23807486545984366,0.23623461347405542,0.23483632600256849,0.31652495317780815,0.29993933159499003,0.48563636699385415,0.24754837296524718,0.4688025072063726,0.9999999999999999,0.25429042364874116,0.28278330302100996,0.15726833066122806,0.12513155481321056,0.2000125499811138,0.2024233520302087,0.05631138027800727,0.31772011573735776,0.22609049695558683,0.12477137710832419,0.31919596036063674,0.17070981179137948,0.14071321051254046,0.08310114177919938,0.5169347997546789,0.3196488698398024,0.400946878122044,0.33398140154045813,0.41703235736040184,0.33834422580583695,0.08512464981066971,0.5437206978826248,0.028991121993023398,0.4271756484506243,0.18569621929668703,0.29634786287992865,0.53420221929267,0.3177110877504438,0.1361116474907682,0.3946881994337912,0.29912993877147387,0.23298879362170608,0.24042282604779136,0.09581350663778815,0.28909384325973325,0.12552119418715027,0.46489865287207244,0.37314381998846596,0.3752009224765698,0.14394384192168935,0.2402218273824619,0.4594078867976085,0.3211764038206476,0.3857780373887847,0.3406981376920869
Hermógenes Conache,0.1490374252046083,0.06455067103616913,0.4012923047006569,0.7962850996289722,0.46661783473871044,0.09459792331345435,0.7367961159320187,0.6775353207467043,0.2573464168567765,0.7560717969100045,0.4432151648946243,0.06547586346228125,0.5061451539114692,0.5324026061995379,0.5203832292757992,0.7464627850087762,0.8159825507307841,0.7662074539823213,0.23928631198421044,0.8053386059483044,0.15099231110705277,0.1686664133413738,0.8317434387179045,0.14855235522213064,0.25429042364874116,1.0000000000000002,0.3000920959246425,0.5810243507097376,0.1488986741830884,0.3396476722908629,0.45329264743114184,0.09205848193748561,0.49091073534145274,0.822917859176602,0.4128041617308178,0.8471961466776464,0.49339519231092455,0.6547222117029127,0.14653769103776348,0.3449313808753185,0.4795608067372548,0.10050757636152163,0.698292563363756,0.6752543481232602,0.11055587362164143,0.18464793431465346,0.3235249354960649,0.28762731989533236,0.7026325460443652,0.1375128455750064,0.41687114866400543,0.3459943084266495,0.41379899593509656,0.36582028280700757,0.25414752766962156,0.8790371075753468,0.2948561982594359,0.17279690152956095,0.28527437629948416,0.7413384527597673,0.18630786505032867,0.12074820801484783,0.026357794046287995,0.30697333115050485,0.5543688429742967,0.7543973165432915,0.26009549410244803,0.28836485958177427,0.754331462853069,0.7389354344979385
Huaso Filomeno,0.10866678153556844,0.11460547780797595,0.3638708347067105,0.3549905354065312,0.263381117022075,0.11938730128740471,0.5642342934652897,0.11081611103360298,0.48593660905599206,0.3121322531495359,0.15158159152049347,0.18275844821933038,0.21376971351727048,0.21581595478115986,0.3340600214345361,0.32116202046606895,0.2696205892017554,0.21850422506795722,0.2769316093494638,0.2560768762340358,0.3532454127913953,0.26791126122049835,0.23922608264626033,0.038935243612560864,0.28278330302100996,0.3000920959246425,0.9999999999999999,0.19151746240765832,0.22576926084570134,0.19322312977055095,0.23982352924449815,0.10516014662412236,0.45167249370405704,0.5374642561756301,0.3230255711922071,0.4554586503483549,0.12225363479580435,0.3055967621620823,0.2439075373555961,0.48119927875645474,0.2995686643331616,0.3308698280609429,0.33773468044773913,0.3346248220628496,0.2735651817331851,0.3995079046714739,0.12414053191903203,0.1850079211065105,0.31260272432624725,0.07113919311009283,0.11133059972447104,0.1245924471799286,0.0963992091898426,0.32967500741512906,0.32563582776564026,0.2454481299308075,0.10910604055759966,0.0495284334331795,0.1716209067928003,0.24436669346499362,0.16840121332643282,0.12144596098408632,0.025979361212242136,0.10722297314111268,0.19407175526831172,0.25860177815375174,0.26635835297874766,0.32182182586074626,0.39838665309696547,0.43868091001367004
Hugo Goodman,0.5700508946860947,0.18341794535875502,0.4320410109501432,0.6870294596747751,0.7312101094815434,0.7690176819227769,0.566819563510639,0.3872588277390739,0.07254825451769856,0.3803194141234544,0.3299551074857614,0.03938903156827151,0.5354543804042022,0.4233532775368887,0.2602590881223614,0.7824963449984432,0.6465829851020352,0.4283963235654505,0.10143896342268342,0.5710018977770653,0.10491579676680542,0.2255033727662705,0.5620773431361826,0.06679637872208856,0.15726833066122806,0.5810243507097376,0.19151746240765832,0.9999999999999999,0.09370297422490005,0.47895566593322353,0.7628411992763412,0.625789131606943,0.3409095905440354,0.6483248890017687,0.31668813191115486,0.46986016577746803,0.4176131544735133,0.4114375438509064,0.27413880659276896,0.45931940478214817,0.46457333588683747,0.10882485581979315,0.7568017544403641,0.454602515148863,0.19106519108097875,0.16120571366661102,0.20795651303803955,0.14018921919672456,0.42140622925825294,0.3384499715546286,0.31281264962229804,0.353767176827382,0.2710037374810629,0.23104596729424612,0.348478610829449,0.6668460629119657,0.19570234488388952,0.06843918279834107,0.23862153273245726,0.49666287737193154,0.17698264952784573,0.05757696068527507,0.00031610569395248294,0.36779508494964186,0.7268042854739812,0.7365958762291542,0.17983412653785666,0.39113561940297975,0.7106600806523429,0.5711887663722887
Hugo Varela,0.0046282907588065855,0.03984881629136219,0.03455726793927529,0.21690663934639087,0.05804869558729896,0.007640100296951186,0.09603147532863512,0.07858907231606194,0.524895682577422,0.18493714870079517,0.13782893469846047,0.14165809962628256,0.0426622292463137,0.1633727384258157,0.1756969499285119,0.08270543067525422,0.19683020215390967,0.3604686119557274,0.23466130193138124,0.2234019527916221,0.12555064963174953,0.14786686466753002,0.12678166572785363,0.0038222026423136777,0.12513155481321056,0.1488986741830884,0.22576926084570134,0.09370297422490005,1.0,0.24375149095594376,0.050644169688947326,0.014482859984165236,0.055193600153085616,0.095928723100963,0.08934893212281957,0.40800221297628725,0.37940649917735597,0.07016050103840316,0.06631756124632143,0.07657245106539735,0.1506026600678516,0.008956007494760205,0.08227097083222173,0.48781946060291187,0.40345260994361226,0.4021051095042628,0.21786523854990736,0.13861105474719926,0.11865472240922448,0.41462843846384984,0.3025271146009918,0.034987010503269245,0.0752020581589508,0.01608187666863682,0.2667451951013688,0.1402980096130245,0.4445238103171739,0.022775133875895477,0.026054247164098595,0.10261266948968834,0.06815756126622691,0.38985814581631445,0.0,0.027915326195155972,0.0636032858920667,0.08729396966355386,0.3184323077604068,0.08362267780174218,0.148449456888464,0.07229786222389761
Jani Dueñas,0.5115122722889918,0.28946881423587945,0.6224248720409301,0.5880962694496862,0.47848078338760275,0.4496751910292316,0.29045704054448496,0.1948976551910133,0.17848745194227356,0.2007563277107181,0.22936671039461742,0.11870358493615771,0.3764303178700109,0.46755996567772395,0.25025279796656524,0.525176248992191,0.47504269992079184,0.2527444771918868,0.117611563314262,0.4698345435654917,0.07151658291037853,0.4474245077351528,0.35218949593004384,0.20676573429965378,0.2000125499811138,0.3396476722908629,0.19322312977055095,0.47895566593322353,0.24375149095594376,1.0,0.6667568150083286,0.4446481236975547,0.2941486509658721,0.39152284668080656,0.2195618915658932,0.34172334303018626,0.25623620072660147,0.24323765769784583,0.026603824458558783,0.3802305909655553,0.15587157561329057,0.07920930769658509,0.605757743711927,0.30650674587174537,0.18539300710143347,0.23059463033743915,0.1176915711953633,0.46398194406782073,0.2894133356281097,0.41996503950620323,0.369639168650909,0.13905214170535585,0.2545941055490492,0.1423629177708962,0.37419925422519745,0.4312960554816409,0.11395015056423075,0.030225252884811923,0.09686116738149612,0.33916540063957873,0.15989687195642327,0.16279812826930076,0.11137747885474208,0.25640056893800073,0.4802688290463219,0.5291086281327545,0.2929123449109722,0.2685473500818594,0.3990484834997801,0.34340720574516076
Javiera Contador,0.7925240256277285,0.24459745353072493,0.5930054291450696,0.6481357179440561,0.8233116577066318,0.7197032668194221,0.5189025045805816,0.24175766957334557,0.09874351218488277,0.28846648081677567,0.26687312861430945,0.02261240485856716,0.6840549828663123,0.3540256675628463,0.2619357300057265,0.8014455502313421,0.5684729348195163,0.32826366501788756,0.15403362302694312,0.4772236115532341,0.3138656581381038,0.18532525131174046,0.47533075824675514,0.0185422931343023,0.2024233520302087,0.45329264743114184,0.23982352924449815,0.7628411992763412,0.050644169688947326,0.6667568150083286,1.0,0.7936123837651325,0.3335061478826861,0.5801879086000166,0.28151969483954115,0.3933340030565125,0.24344785755555046,0.33238051640578725,0.07045240771801822,0.5684853820327156,0.243502733046211,0.09493217492017875,0.7148219355172797,0.3552517766305754,0.05827055457547743,0.14385285474784562,0.1512293038126111,0.20805557312311995,0.35272920112102585,0.42286912065272414,0.33536710068024483,0.19427989208305113,0.238853112379811,0.2681193259463785,0.38111726666416734,0.5298839459881824,0.13445485612679264,0.05445677795645743,0.1544272423955963,0.4522931020924821,0.2163085080063015,0.07914221993757793,0.01433648433416191,0.4164344147775994,0.7779853687673142,0.6654968602637916,0.16122302352453344,0.527629219756521,0.5837140211196941,0.4706252073048115
Jenny Cavallo,0.8515829087948761,0.22707305633540928,0.4222680392727194,0.2924010001636221,0.7346632418010404,0.8210238763927458,0.16698649789720374,0.062440313870562994,0.03952039349284546,0.0901888825290596,0.07502126938173602,0.018259711976712015,0.5183842410153731,0.0028177480030281738,0.03580152838188137,0.5908672611791702,0.2076164612945202,0.007344830087156835,0.09867089631781073,0.01908857477964299,0.10492358621033823,0.15024899213849846,0.11098631256123521,0.004118420800835927,0.05631138027800727,0.09205848193748561,0.10516014662412236,0.625789131606943,0.014482859984165236,0.4446481236975547,0.7936123837651325,0.9999999999999998,0.1788039262726237,0.23628376693610403,0.13943891831466573,0.046171423850055654,0.021889775867700873,0.05842942476057371,0.004256719379458866,0.5397528359051601,0.051116000381357635,0.0743958958111993,0.37459075051158447,0.03773237516261371,0.10568335346982465,0.0700039885669777,0.0029643857826609824,0.06608665324035021,0.10409441702060379,0.4931077130254376,0.13499540791068276,0.10229148316944815,0.04218140717416747,0.2062114803196438,0.37691016204488026,0.09994649063025297,0.007936278996187913,0.15682106387786304,0.06739836847469788,0.04985489587745072,0.016005838293365687,0.005248196183791841,0.0,0.433566821521074,0.6700223623897335,0.253580659681959,0.003898269986791453,0.5336759400959613,0.3519302569802911,0.23319572407863423
"Jorge ""Chino"" Navarrete",0.19321846380157512,0.03784824841674625,0.2572805381802872,0.5047145382841307,0.24090051395265957,0.07560740157616828,0.6248627423775152,0.2501797018216509,0.13262771391982675,0.2963486541086798,0.2568458433213258,0.054428579332151915,0.33495655659750023,0.37497179722162294,0.45179202098218574,0.5321993471249546,0.5817663876096711,0.3892998956687581,0.17547139727262234,0.4759017161273962,0.21860219245626233,0.433919118043194,0.4395629404720882,0.39054386914250283,0.31772011573735776,0.49091073534145274,0.45167249370405704,0.3409095905440354,0.055193600153085616,0.2941486509658721,0.3335061478826861,0.1788039262726237,0.9999999999999999,0.6289185551718497,0.31458966767424507,0.505424010879313,0.2536999716945887,0.41144867011056047,0.22566578061962297,0.45654747345102337,0.31994082286017395,0.05189404819623609,0.4112613625377872,0.423365281668147,0.3215283681470473,0.37140493562095683,0.403015896929063,0.044636441667107056,0.40202996879907765,0.07898152783337817,0.1913795390864974,0.3542732860779457,0.30366003318701856,0.31189857104110214,0.15412230501483962,0.5182717579709192,0.29688350266394287,0.6339663242547847,0.3163411967031376,0.5632898750972944,0.17082361818783434,0.03865158903155985,0.3130420290819622,0.5335697339780515,0.31413728735900487,0.48104652703371303,0.4827097804381153,0.2581714972751895,0.582462179542549,0.6276786110633187
Jorge Alís,0.2292057390018763,0.08978456018087029,0.4483517156455713,0.7928414142392798,0.5531392928091515,0.20732390451903523,0.8079798690251683,0.4919493193326608,0.1741226021761794,0.4650401170410405,0.3806363817515718,0.06868112198786894,0.5477801600705916,0.5304294195584206,0.4409487472912472,0.7114473041969165,0.7987629213665791,0.6413759109856721,0.2659950897308694,0.7495338155077617,0.1802964061433491,0.20918416308138818,0.7555849084481391,0.06948750881749063,0.22609049695558683,0.822917859176602,0.5374642561756301,0.6483248890017687,0.095928723100963,0.39152284668080656,0.5801879086000166,0.23628376693610403,0.6289185551718497,1.0000000000000002,0.4399278098207008,0.6888078648875104,0.47986803685095764,0.700897323522934,0.1231974758492791,0.4992281306128224,0.412696844139768,0.10596310141644288,0.7322798912705745,0.6258578773964242,0.08243282941666938,0.3074485611214389,0.33299170692768026,0.06815216587104983,0.557195517675458,0.15172108388962144,0.321123150819362,0.29477693510275216,0.39256420741303616,0.35159946186283436,0.2842519825545385,0.8328043962264399,0.2759884057799699,0.12518967262080044,0.28069015136102465,0.7082032334896069,0.12274567564480728,0.12731964679329305,0.03608940729501345,0.3037070607922943,0.5938076230999718,0.7878237461105705,0.34121249845931734,0.2814924111454317,0.7238723328655837,0.8033829420739358
"Juan Luis ""Jajá"" Calderón",0.13260277491397657,0.0789003447012286,0.18060143748731197,0.5314028349105621,0.2768254988912456,0.12559499682612155,0.4341608336050386,0.48889008162556646,0.23926517876796216,0.2691980730873576,0.810131054082667,0.011645903244976823,0.23036988283866827,0.21879249553788882,0.3379590694398457,0.4489886941348127,0.5695949448087596,0.2697218508093473,0.23565028269909996,0.45234118958064606,0.17905473148592096,0.37495345091772303,0.36374290311851626,0.14511841352318391,0.12477137710832419,0.4128041617308178,0.3230255711922071,0.31668813191115486,0.08934893212281957,0.2195618915658932,0.28151969483954115,0.13943891831466573,0.31458966767424507,0.4399278098207008,1.0,0.5425288533225922,0.1980287936179376,0.6928019887249945,0.18798953986651482,0.3044781414492885,0.4900194484902381,0.09190955912784785,0.35875152694569135,0.467905545969165,0.3399186643598278,0.0823609809430262,0.11601493585585602,0.11123882761022039,0.5268196183292597,0.13455732068150209,0.29992670021664,0.24429089171495622,0.39493137897126207,0.3526493629575004,0.31869072149982236,0.441546610733921,0.1833241809377516,0.08598577620327463,0.7026100169775548,0.5655499060188015,0.12196367081555613,0.01167148001768667,0.28038965575961355,0.21456575859512023,0.3954722498203363,0.4155017036570038,0.25933143907352335,0.1999987024244926,0.6356880890747281,0.41670632936547
Juan Pablo López,0.09688539819859154,0.027770044459830213,0.2838591852836869,0.7553450600965306,0.32732736346014185,0.0714180752196767,0.7133384419147037,0.4374992257213867,0.37535651745735504,0.7369663161682063,0.5573465490910922,0.07023594216890452,0.34797844629142693,0.45375638295725873,0.41733582924071666,0.6803309774896876,0.7703119746568994,0.7297134928284851,0.169017597147073,0.7764627597085065,0.3312357313694378,0.2908292997980838,0.7345237755574053,0.10819813551036772,0.31919596036063674,0.8471961466776464,0.4554586503483549,0.46986016577746803,0.40800221297628725,0.34172334303018626,0.3933340030565125,0.046171423850055654,0.505424010879313,0.6888078648875104,0.5425288533225922,1.0000000000000002,0.44859293404696243,0.6479008284903781,0.17497673376533146,0.29069996839797,0.45547964762951787,0.2010430781155683,0.6347022723943371,0.7279976504898992,0.29585737457998895,0.2526017050364366,0.2892828629114032,0.29955175066091316,0.6756040900734448,0.14984830796226492,0.3858085344679338,0.29786725281492277,0.44240818702968154,0.21057739614725524,0.3069401335980886,0.7876556058276315,0.3391626850671051,0.17883963563834956,0.46573746895621926,0.7301642815188394,0.13443273476053688,0.18124364925156464,0.018577868408312048,0.2632335855039382,0.4228028472148732,0.6814631241821589,0.2911138701859091,0.3259671276876006,0.7156704611434109,0.6475291370468081
Julio Sabala,0.014718413802574788,0.2059954453954224,0.18572510216570332,0.4629141553563683,0.2893238978294405,0.04306289808019951,0.35410489337338424,0.4550515884492259,0.14747877397885786,0.25821939948346606,0.31408201789495827,0.13778206887873062,0.2070965769625139,0.7800094299893762,0.22625997459609765,0.3292689100633253,0.5779685629186911,0.4204470348134058,0.05502034950537093,0.6028107715334111,0.10066032246393389,0.11796411520880577,0.4606272524200097,0.02947743077580073,0.17070981179137948,0.49339519231092455,0.12225363479580435,0.4176131544735133,0.37940649917735597,0.25623620072660147,0.24344785755555046,0.021889775867700873,0.2536999716945887,0.47986803685095764,0.1980287936179376,0.44859293404696243,1.0000000000000002,0.35732918949412534,0.012623709335936836,0.17835009147171746,0.5613579866375573,0.04851580350648022,0.44707976464498445,0.5995083975424524,0.04961008437917105,0.2779188426201152,0.19944891712109447,0.020675217310920004,0.42287584323849564,0.18386264162345112,0.27279187013595113,0.17254896105044099,0.30998428459831995,0.07773810968604651,0.17917041750340518,0.5518221524528026,0.2009674760991597,0.09149969903003981,0.1269350255142701,0.5784693966935941,0.11807029989690442,0.33946284629755624,0.0,0.11056933983364935,0.27427286504140336,0.46925116960543906,0.21061999251508423,0.05963406642627963,0.41877667103879207,0.36988692789997485
León Murillo,0.09585183645536871,0.016389587400357803,0.2716887629542092,0.5637460489054177,0.2506751442681397,0.025045064192050822,0.5930826191727012,0.4815176650814207,0.1859298579183764,0.32310279447060414,0.7007945127318198,0.015341147168832515,0.5001558758752191,0.3850485218880834,0.3189428519388313,0.49319704761883204,0.693269080360031,0.4785091647244909,0.34300798473487953,0.7020347062177519,0.10743502089905968,0.16660523253954343,0.5685851281981278,0.05868742956366131,0.14071321051254046,0.6547222117029127,0.3055967621620823,0.4114375438509064,0.07016050103840316,0.24323765769784583,0.33238051640578725,0.05842942476057371,0.41144867011056047,0.700897323522934,0.6928019887249945,0.6479008284903781,0.35732918949412534,1.0,0.09112507524600987,0.29028617965490233,0.358418569698102,0.07560332938919588,0.5512622474721416,0.50905472703294,0.06386902845522546,0.13830916482678518,0.22167509856511367,0.05153555923499431,0.5297462353783081,0.04475047761221007,0.2852046803616049,0.22913892596185895,0.3922842309022221,0.2882350210200502,0.41378760601427667,0.6604293602050648,0.2019105206972744,0.13032542505944197,0.7013932200248617,0.6566491812975995,0.10607181494379546,0.026346806756639075,0.011824259126598997,0.1757339623694603,0.41708819412034404,0.6088366918750259,0.29948379882367515,0.24282460479022325,0.6321072579934071,0.5471070499221948
Los Atletas de la Risa,0.14640793547964256,0.21783071226880923,0.07052116508203492,0.10181454486025225,0.022408516095389703,0.2512013075822151,0.22043502190392505,0.05497346188595094,0.17178802905290957,0.10850399650278379,0.2454753632987096,0.04850811181263967,0.10503631091309348,0.09083565576629352,0.11418384659830172,0.17927825259708507,0.092684095161168,0.045910765524078245,0.2496943337987901,0.13253855316279628,0.2530425141315073,0.13770314551780577,0.024571125015236454,0.026975974138937844,0.08310114177919938,0.14653769103776348,0.2439075373555961,0.27413880659276896,0.06631756124632143,0.026603824458558783,0.07045240771801822,0.004256719379458866,0.22566578061962297,0.1231974758492791,0.18798953986651482,0.17497673376533146,0.012623709335936836,0.09112507524600987,1.0,0.1801940974114687,0.2671262289133928,0.07749834133444365,0.12089005100512426,0.09379136734023936,0.20888514130333505,0.14573384006426626,0.014617008944976313,0.1157066435667954,0.048696159925508256,0.4263723818376892,0.3239412216656959,0.14235434692281101,0.08985287373320604,0.6813360207764875,0.05408951237131897,0.11961766721062154,0.016148925873408344,0.023916272440815865,0.15402586457135076,0.1809834694103064,0.25372507331257665,0.029215992948212116,0.006758391645256488,0.032009771329101,0.03372175557495423,0.19324500000553393,0.11742108122265452,0.2154639344166299,0.19459826088848142,0.127409147784688
Los Indolatinos,0.5580571335886249,0.2830186194295527,0.455788457872315,0.4627519643352908,0.5433002708685509,0.48837871540074285,0.36404658820473335,0.2769225855077742,0.37402768143724524,0.28806411357132844,0.2207860281527369,0.5347127739572224,0.5378228235182247,0.16679633426026239,0.5970640706855713,0.5848435894191113,0.40149201475482077,0.2410173599478601,0.3496387395051182,0.25374733837781516,0.32930394332702667,0.37010186704254106,0.2139498808613342,0.3017398896093213,0.5169347997546789,0.3449313808753185,0.48119927875645474,0.45931940478214817,0.07657245106539735,0.3802305909655553,0.5684853820327156,0.5397528359051601,0.45654747345102337,0.4992281306128224,0.3044781414492885,0.29069996839797,0.17835009147171746,0.29028617965490233,0.1801940974114687,1.0,0.5191305693498307,0.0650884191243882,0.4035960087818135,0.2227253560119959,0.33578788418294797,0.23291588746922998,0.30844044231534623,0.09060268916150688,0.33984015756907154,0.3491129877103083,0.3020462534431342,0.4918104915267083,0.316354416230397,0.4078940690342921,0.4149095303636118,0.29408025797382426,0.19338984286194777,0.1607929181819096,0.25389366737060165,0.39797781063406573,0.3206880946593009,0.21160977827483812,0.13740771804593874,0.43186500061298044,0.5353240719771163,0.34141368788333726,0.271618506881782,0.479036685664529,0.5113603903571394,0.5107184584277561
Los Locos del Humor,0.05279637920115867,0.20179069603993066,0.19133272889613145,0.4858789624597516,0.2638890526374035,0.25861114438278193,0.44553041172770763,0.5149065433188356,0.3037098017990736,0.3980157677393067,0.4337874861713465,0.27645075422828413,0.2622792748236456,0.5045290317817009,0.49888962872514603,0.4880115265878114,0.6144643892345062,0.42227496706799894,0.20432837757787212,0.5329427418480911,0.24016827598431673,0.3195799394438324,0.31590493755426974,0.23849747594380297,0.3196488698398024,0.4795608067372548,0.2995686643331616,0.46457333588683747,0.1506026600678516,0.15587157561329057,0.243502733046211,0.051116000381357635,0.31994082286017395,0.412696844139768,0.4900194484902381,0.45547964762951787,0.5613579866375573,0.358418569698102,0.2671262289133928,0.5191305693498307,1.0,0.05420754530572156,0.4113312463368375,0.48400771011286536,0.402027062886583,0.11109691760767866,0.22143765181234587,0.09807601897292917,0.5699922608321334,0.06823044820210777,0.37211250487913733,0.46875187663112977,0.3831984328995324,0.31107985146136924,0.17969469348348946,0.5226569360942396,0.32285076759911124,0.13516854416383414,0.45419719868319774,0.5623387447022046,0.3439751469070669,0.13005196458408988,0.14518937452556882,0.25661740326407967,0.36966146800418936,0.5290728754393346,0.2640749852086384,0.15070448809661752,0.650648757173412,0.3974228315528269
Lucho Miranda,0.09530863951251681,0.07191557857739304,0.25968070685930655,0.24159762504803442,0.08016889961342342,0.170783232479938,0.17672385630191847,0.06199029810036372,0.028269440023451956,0.048509455886817175,0.07260092750209804,0.022805785076175287,0.09406956939136273,0.05887152412219738,0.06057974106554939,0.24687295216093322,0.09317618944801263,0.08853694374664245,0.06294260699645748,0.11402813663379832,0.1070791675767709,0.24771058716740682,0.08699162223095808,0.004224748055205737,0.400946878122044,0.10050757636152163,0.3308698280609429,0.10882485581979315,0.008956007494760205,0.07920930769658509,0.09493217492017875,0.0743958958111993,0.05189404819623609,0.10596310141644288,0.09190955912784785,0.2010430781155683,0.04851580350648022,0.07560332938919588,0.07749834133444365,0.0650884191243882,0.05420754530572156,1.0,0.4802411208027873,0.0673777736836421,0.02981667048703166,0.02278224906015517,0.031325421631197704,0.011303685952961743,0.3576750905974291,0.08641755532456898,0.08836019596347428,0.06348026482272731,0.048465144442348285,0.09705277122732645,0.05102043636799852,0.11586894036779419,0.027271974486911817,0.0429879235653062,0.031772795561593625,0.086694538096832,0.056623274714747034,0.009268000530369098,0.0016191574610947578,0.04832668924450136,0.09019466632928896,0.10495721431972568,0.027024988642366583,0.5289973879526445,0.24344192726379532,0.11748799777769867
Luis Slimming,0.3804348319670602,0.24117104514117954,0.5603009460850498,0.8076218280068116,0.5819475476932705,0.4767160797911427,0.6313907321679917,0.39880635874194675,0.09450320621716796,0.4024138173631589,0.3475700653627018,0.03530652673912997,0.5344003785337235,0.55068553372157,0.37629348321507977,0.76181049364995,0.7510766531510115,0.5469552376320037,0.1222622101930353,0.7617869665084345,0.18882529455772787,0.2920802483243371,0.696131782472156,0.04546404010180277,0.33398140154045813,0.698292563363756,0.33773468044773913,0.7568017544403641,0.08227097083222173,0.605757743711927,0.7148219355172797,0.37459075051158447,0.4112613625377872,0.7322798912705745,0.35875152694569135,0.6347022723943371,0.44707976464498445,0.5512622474721416,0.12089005100512426,0.4035960087818135,0.4113312463368375,0.4802411208027873,0.9999999999999999,0.5479499172366735,0.1275847063809502,0.17987243516963644,0.25756775712061625,0.19858337341366708,0.6647803335930038,0.27022681865666215,0.3950130762736205,0.3244798626943622,0.3297748949726564,0.20862366368814667,0.262990989301317,0.8089887411934775,0.22562449119261116,0.07984969732211118,0.2539837475493233,0.6443376680236534,0.28082365793840264,0.06703055407752617,0.0037107347227079424,0.3106784767451777,0.6405667353239773,0.8172067851353894,0.24919362876803272,0.44317847004761407,0.7843839766169454,0.6260003386625708
Mauricio Palma,0.0407345080212167,0.09554405692757123,0.19396610676065149,0.6828664488253975,0.2992514428937551,0.04963805756491294,0.5272198881818182,0.49901729119260013,0.30968951038167564,0.4641800888147262,0.38416741733978255,0.13163227673557976,0.2858240237383787,0.6677217243365163,0.43292659047548715,0.48284962335600196,0.6906313543794358,0.6253915593007268,0.22979092320519337,0.7248393618926448,0.2579500181264743,0.2108187919109,0.641375012312889,0.10224725071226379,0.41703235736040184,0.6752543481232602,0.3346248220628496,0.454602515148863,0.48781946060291187,0.30650674587174537,0.3552517766305754,0.03773237516261371,0.423365281668147,0.6258578773964242,0.467905545969165,0.7279976504898992,0.5995083975424524,0.50905472703294,0.09379136734023936,0.2227253560119959,0.48400771011286536,0.0673777736836421,0.5479499172366735,1.0,0.309625956486203,0.26992324593221045,0.4361411645804065,0.15319679197616307,0.5357740815340634,0.28129033756709015,0.5302729105504793,0.27987596201449766,0.3132976932330508,0.21026186008866607,0.3774826601762976,0.7421496481840407,0.4073911782088553,0.1581425913031581,0.2191493850905604,0.6207967049154042,0.15141836275269419,0.35251534662131145,0.20536353398903998,0.2941852325365979,0.42436304896025884,0.5979950965801246,0.5555845335271199,0.17151050737374038,0.6868005722178774,0.510574510818727
Melón y Melame,0.03663622471468901,0.1920198277714312,0.12924761550030536,0.32654599785445065,0.11518593506870213,0.14099910616858277,0.2025658565968839,0.19088875332677696,0.27067558953198706,0.12343448356145316,0.2158061806967987,0.45152663624640726,0.09216017361360233,0.048185848398088635,0.38459022736589443,0.16930704342627376,0.23299461815277073,0.25663078474904905,0.3757391098062297,0.2189707131715686,0.08436870055269148,0.6570094742614929,0.0693306242555374,0.15897667119116815,0.33834422580583695,0.11055587362164143,0.2735651817331851,0.19106519108097875,0.40345260994361226,0.18539300710143347,0.05827055457547743,0.10568335346982465,0.3215283681470473,0.08243282941666938,0.3399186643598278,0.29585737457998895,0.04961008437917105,0.06386902845522546,0.20888514130333505,0.33578788418294797,0.402027062886583,0.02981667048703166,0.1275847063809502,0.309625956486203,0.9999999999999999,0.09708990595386455,0.23534613666240015,0.10571012817442979,0.26370669237729927,0.1270393740835722,0.16256567106248512,0.4948273760401358,0.2498926425380451,0.07558208275648855,0.4191874887785091,0.1649561256556889,0.4111567499596068,0.34399721774693,0.20441972225022642,0.2127174725399054,0.14771271824461865,0.20551468850119742,0.2064475146362123,0.193702326406928,0.057003195090713554,0.1785526024722451,0.2831306714388504,0.09779183713713846,0.44070817383340083,0.21855232016124054
Memo Bunke,0.05445322429039489,0.023501009230099176,0.2427404540002917,0.2980099387760293,0.13210268322039947,0.05702521161722465,0.23146252464292194,0.10800304404195823,0.23731580642737515,0.1018458620826476,0.12507728100993934,0.07425626240149522,0.10484698640446072,0.3432024423192751,0.3119210200254684,0.16622848863880862,0.2212379579590438,0.1515886395254121,0.0674706677996958,0.23250800545108588,0.020321044094999133,0.09629841579438518,0.19043195631704726,0.008795387754365905,0.08512464981066971,0.18464793431465346,0.3995079046714739,0.16120571366661102,0.4021051095042628,0.23059463033743915,0.14385285474784562,0.0700039885669777,0.37140493562095683,0.3074485611214389,0.0823609809430262,0.2526017050364366,0.2779188426201152,0.13830916482678518,0.14573384006426626,0.23291588746922998,0.11109691760767866,0.02278224906015517,0.17987243516963644,0.26992324593221045,0.09708990595386455,1.0000000000000004,0.07061161216829082,0.011035492679847271,0.14071524337725955,0.2900273350152983,0.21426802341326742,0.07140437980376525,0.07959395325768509,0.19424045367133094,0.21160897111141153,0.2162395968221775,0.07049946949850432,0.019732469806130856,0.05364118707634857,0.31504804973530925,0.2032471537959411,0.2521700311109502,0.0,0.06716104854411253,0.14735902602276596,0.1850967707755006,0.1533801817941409,0.07180917037789626,0.17938065362063793,0.15279854218363717
Millenium Show,0.014215893375873145,0.0,0.08793744995569519,0.318640426563725,0.142186254527284,0.007375033940316211,0.2310045384247923,0.16885278501561088,0.014738031311648669,0.15949489559767138,0.11996130522851386,0.26234658357978957,0.12606239360164062,0.2303761600339158,0.46572015610097345,0.2484643938493029,0.31129182968235297,0.4025086829603519,0.19755548039594076,0.3230792515377082,0.01114556234102234,0.21337606071567983,0.29922619589078026,0.5914141760698206,0.5437206978826248,0.3235249354960649,0.12414053191903203,0.20795651303803955,0.21786523854990736,0.1176915711953633,0.1512293038126111,0.0029643857826609824,0.403015896929063,0.33299170692768026,0.11601493585585602,0.2892828629114032,0.19944891712109447,0.22167509856511367,0.014617008944976313,0.30844044231534623,0.22143765181234587,0.031325421631197704,0.25756775712061625,0.4361411645804065,0.23534613666240015,0.07061161216829082,1.0,0.021670200156219132,0.30348413538306224,0.052041141602076825,0.13272054042343126,0.36157963504171925,0.14148853992936392,0.13060943306732,0.09069469779072797,0.3576176401857479,0.6579586397018231,0.44914220864150506,0.07281040043955385,0.2600740193676817,0.035206092549776226,0.07708113524852903,0.688868865675324,0.6920438853131718,0.19620649101863263,0.2962780130734461,0.41138405613859574,0.04795695887474629,0.31197417820077494,0.3079978186501398
Natalia Valdebenito,0.32063186564771595,0.021204382703906885,0.4853495820463092,0.24277555113382332,0.26616451265488517,0.12018737969784464,0.2269445745628408,0.33407681519179905,0.4101178599246451,0.5372698780934617,0.20763646285203766,0.015410887298528504,0.13561786663737488,0.2770112505705535,0.30206027118848744,0.19956288230083957,0.16931878555881932,0.09471914890850076,0.06723730498116273,0.18651365737690043,0.16866777192315494,0.09635827868583959,0.07527417245459372,0.2081465203370566,0.028991121993023398,0.28762731989533236,0.1850079211065105,0.14018921919672456,0.13861105474719926,0.46398194406782073,0.20805557312311995,0.06608665324035021,0.044636441667107056,0.06815216587104983,0.11123882761022039,0.29955175066091316,0.020675217310920004,0.05153555923499431,0.1157066435667954,0.09060268916150688,0.09807601897292917,0.011303685952961743,0.19858337341366708,0.15319679197616307,0.10571012817442979,0.011035492679847271,0.021670200156219132,1.0,0.1617584152581212,0.04401814194910183,0.1058067308308532,0.1640096639534328,0.07072293185475652,0.1758711724670942,0.061967760907672455,0.15280502791938919,0.03924233042526829,0.01998794126974183,0.03505251287163648,0.060506655290637534,0.15569977415292705,0.033676510596351024,0.00926773873511757,0.0406638396955711,0.05949335180752168,0.18010984804782706,0.03490740737268785,0.15572117090344434,0.20812469523361382,0.2091394651032631
Palta Meléndez,0.12527836975415566,0.06362577965717679,0.360859880375943,0.7050325148764425,0.3698669471235413,0.15458940715886368,0.5791346901597622,0.5748794836641116,0.172364654095927,0.5587086382488827,0.4104621254203728,0.1142148875799176,0.33631734705896305,0.40271736747451065,0.5256581271760798,0.6594102835896338,0.675344574366659,0.5912920827743424,0.1670953365340354,0.6751837607055127,0.1465453606239075,0.40130912868461843,0.6860898255910496,0.21642209029754558,0.4271756484506243,0.7026325460443652,0.31260272432624725,0.42140622925825294,0.11865472240922448,0.2894133356281097,0.35272920112102585,0.10409441702060379,0.40202996879907765,0.557195517675458,0.5268196183292597,0.6756040900734448,0.42287584323849564,0.5297462353783081,0.048696159925508256,0.33984015756907154,0.5699922608321334,0.3576750905974291,0.6647803335930038,0.5357740815340634,0.26370669237729927,0.14071524337725955,0.30348413538306224,0.1617584152581212,1.0000000000000002,0.08224109612936119,0.29037855572912785,0.3080031932644127,0.3517472663844544,0.2341779454580753,0.24920166248972278,0.6767587286044301,0.30131103073543763,0.22348879764437615,0.3760217392134062,0.625431865024661,0.16539674117917652,0.13264284773411872,0.23104888263753146,0.36133617369429405,0.4142625392346252,0.6366163044643661,0.31787598597904754,0.3052120987345269,0.807265477373298,0.6404564323213912
Pam Pam,0.4166017950759982,0.5022263515793337,0.31299350106003904,0.27483341362759084,0.39561370956249486,0.41790784004604237,0.09913670727824637,0.04321484581938879,0.23038214806950552,0.07335480891110019,0.21625717056960905,0.13328778687820314,0.28960079408110506,0.11574456960558689,0.11008336512574746,0.3620415437838433,0.17404337528490627,0.05274066814670013,0.1596921263159498,0.12830477058366294,0.07604363951589403,0.1380711719714959,0.10517003160004071,0.021193480126473978,0.18569621929668703,0.1375128455750064,0.07113919311009283,0.3384499715546286,0.41462843846384984,0.41996503950620323,0.42286912065272414,0.4931077130254376,0.07898152783337817,0.15172108388962144,0.13455732068150209,0.14984830796226492,0.18386264162345112,0.04475047761221007,0.4263723818376892,0.3491129877103083,0.06823044820210777,0.08641755532456898,0.27022681865666215,0.28129033756709015,0.1270393740835722,0.2900273350152983,0.052041141602076825,0.04401814194910183,0.08224109612936119,0.9999999999999999,0.5752289171831714,0.09414540592795989,0.09866620114744715,0.5378508843365049,0.28755641686185557,0.16123820934723704,0.02067006282569839,0.005832755890195702,0.03266214066226415,0.10701727961126291,0.1884603264017011,0.28624582152803835,0.003844644413541341,0.22886307810242837,0.3576142547067058,0.20204753235479941,0.1337991101618553,0.2485719331869303,0.22111027534327965,0.14393712500204567
Pamela Leiva,0.13696580088441954,0.4702666261685734,0.31489629927505597,0.4397543674680817,0.24934018128347407,0.1904091555352097,0.292187171064577,0.4531697210236186,0.45116543752419286,0.21434129456184897,0.2964425182624348,0.08983316644392769,0.3085387706940091,0.33652958639969693,0.3068846273549647,0.39879564371847154,0.42548148717365486,0.28452893453595335,0.2769888909599831,0.45017168524406037,0.35197207008815345,0.17330574696573472,0.2961926310580763,0.021884202333990188,0.29634786287992865,0.41687114866400543,0.11133059972447104,0.31281264962229804,0.3025271146009918,0.369639168650909,0.33536710068024483,0.13499540791068276,0.1913795390864974,0.321123150819362,0.29992670021664,0.3858085344679338,0.27279187013595113,0.2852046803616049,0.3239412216656959,0.3020462534431342,0.37211250487913733,0.08836019596347428,0.3950130762736205,0.5302729105504793,0.16256567106248512,0.21426802341326742,0.13272054042343126,0.1058067308308532,0.29037855572912785,0.5752289171831714,0.9999999999999997,0.12531952781275735,0.3636243097617529,0.5765729909208567,0.2450975134791045,0.43090713934608654,0.12552704052367394,0.15310549197951265,0.1539289091228642,0.3316295023684432,0.3920165230648208,0.3695082051447489,0.04708592820113533,0.3647942548808551,0.5701548417704734,0.4036037669477787,0.318220500917138,0.22016616039169623,0.38761314493537197,0.2679365325755853
Pancho del Sur,0.09487346828417305,0.013001680912997861,0.1677851649383719,0.4872450012104326,0.24928141696392447,0.15845433712510784,0.36027418015436286,0.34121568810032804,0.08686474568650487,0.26771777921949114,0.20627644112244192,0.6059440121755306,0.18009870866007088,0.19968131781351536,0.4490470064655308,0.31263849177919906,0.3461839284616203,0.23833402601922818,0.09029389424747503,0.316905614137358,0.02273534070030216,0.34829635648486845,0.2964904406555654,0.32796569393769504,0.53420221929267,0.3459943084266495,0.1245924471799286,0.353767176827382,0.034987010503269245,0.13905214170535585,0.19427989208305113,0.10229148316944815,0.3542732860779457,0.29477693510275216,0.24429089171495622,0.29786725281492277,0.17254896105044099,0.22913892596185895,0.14235434692281101,0.4918104915267083,0.46875187663112977,0.06348026482272731,0.3244798626943622,0.27987596201449766,0.4948273760401358,0.07140437980376525,0.36157963504171925,0.1640096639534328,0.3080031932644127,0.09414540592795989,0.12531952781275735,1.0000000000000002,0.11762372256172057,0.1204717340297828,0.09599596330588964,0.3640431479037181,0.0962738553534317,0.2679312561383977,0.14711596751151632,0.2885304670836409,0.11125098907965507,0.014469442245708116,0.14762919469021146,0.17353892787338512,0.20579354782396353,0.32268131897589153,0.19710149364399818,0.08919064657689009,0.5452481004582079,0.5029988656902135
"Paul Vásquez ""El Flaco""",0.06368770387197599,0.23456040654765287,0.3190727732860635,0.44649552014030275,0.32191797868805666,0.11293408860279465,0.3225196013291587,0.31886683447839625,0.11236504989443628,0.1814127068281923,0.577802516096367,0.23181908451807773,0.3444564578781463,0.21517424000035207,0.3811838546341084,0.40101666908539924,0.5540391007958897,0.28576652858110013,0.3189624231640858,0.5209903883611952,0.39533324612087334,0.4221518945843536,0.2894776986474109,0.339521553226447,0.3177110877504438,0.41379899593509656,0.0963992091898426,0.2710037374810629,0.0752020581589508,0.2545941055490492,0.238853112379811,0.04218140717416747,0.30366003318701856,0.39256420741303616,0.39493137897126207,0.44240818702968154,0.30998428459831995,0.3922842309022221,0.08985287373320604,0.316354416230397,0.3831984328995324,0.048465144442348285,0.3297748949726564,0.3132976932330508,0.2498926425380451,0.07959395325768509,0.14148853992936392,0.07072293185475652,0.3517472663844544,0.09866620114744715,0.3636243097617529,0.11762372256172057,1.0,0.2025467782177874,0.19677443928723737,0.5238682733754768,0.39540864237847684,0.0661060751583796,0.4849458106890459,0.5653796063741421,0.16188429481657182,0.5212859633194523,0.12879836091469624,0.16975990324161433,0.1917895811645139,0.5219682305277629,0.3124528443385737,0.13753278827968382,0.34072381127755386,0.28290450627550046
Paulo Iglesias,0.2801842891330923,0.3221053885563951,0.31156062209500873,0.2882973397694411,0.28893839662942067,0.1683375325173284,0.33641605358452614,0.429684129795259,0.35101605851641055,0.21079799675310182,0.3508609955240501,0.026348660941237063,0.3734562514426512,0.1745424855407365,0.3426205592600595,0.38983861171438267,0.3040261784438614,0.15146464347016564,0.4964526930403745,0.25124989258579183,0.27020156200806816,0.11284661361665826,0.1449664604094031,0.15843949559352338,0.1361116474907682,0.36582028280700757,0.32967500741512906,0.23104596729424612,0.01608187666863682,0.1423629177708962,0.2681193259463785,0.2062114803196438,0.31189857104110214,0.35159946186283436,0.3526493629575004,0.21057739614725524,0.07773810968604651,0.2882350210200502,0.6813360207764875,0.4078940690342921,0.31107985146136924,0.09705277122732645,0.20862366368814667,0.21026186008866607,0.07558208275648855,0.19424045367133094,0.13060943306732,0.1758711724670942,0.2341779454580753,0.5378508843365049,0.5765729909208567,0.1204717340297828,0.2025467782177874,1.0000000000000004,0.1907994834261689,0.24619669436011632,0.1348107546647491,0.16784924631951642,0.18227615056405863,0.23941623422103359,0.2666718702442696,0.06714992144524766,0.13938873456454595,0.3052021980529175,0.38864219570564945,0.2777541908098305,0.1987376284217523,0.31271542510415723,0.3306785205317684,0.30307096887132284
Payahop,0.3702961314732213,0.10519760794409376,0.29808034522721527,0.3920509834551139,0.352877786314954,0.2994462534430928,0.22614778447941347,0.27134565017925344,0.3556120330765082,0.14758919478007404,0.33424323058220146,0.4188638306305283,0.437530886217707,0.24033120681597836,0.3128106561406766,0.3687951676899523,0.27777879673815487,0.1931231801012002,0.5235293460178605,0.34674086940211357,0.06967753941646723,0.4307993357486503,0.20903141592438068,0.027005423362539506,0.3946881994337912,0.25414752766962156,0.32563582776564026,0.348478610829449,0.2667451951013688,0.37419925422519745,0.38111726666416734,0.37691016204488026,0.15412230501483962,0.2842519825545385,0.31869072149982236,0.3069401335980886,0.17917041750340518,0.41378760601427667,0.05408951237131897,0.4149095303636118,0.17969469348348946,0.05102043636799852,0.262990989301317,0.3774826601762976,0.4191874887785091,0.21160897111141153,0.09069469779072797,0.061967760907672455,0.24920166248972278,0.28755641686185557,0.2450975134791045,0.09599596330588964,0.19677443928723737,0.1907994834261689,0.9999999999999999,0.2409178498053114,0.10223461613048622,0.08447163638289022,0.28216280781115577,0.2833814108286752,0.09807062106904028,0.39448460244172795,0.0276539295545184,0.1911571636668692,0.33568350647605893,0.24214692892775205,0.22612330885375853,0.3609630821259819,0.37759771332539743,0.2059832655928099
Pedro Ruminot,0.1170860689634266,0.08622213192216172,0.3379865199329661,0.864458600224566,0.4516370052886234,0.16548544542510749,0.7097822545550845,0.5181264707385441,0.08808796579917859,0.5158561998028607,0.48600095355633754,0.05195359614472205,0.4502037890192431,0.6365545584495912,0.42267795540798286,0.7251519733902088,0.9331297425996907,0.6998960852144192,0.15604158841143767,0.9497716072470915,0.16758379969809936,0.2650268281758277,0.8301880446081163,0.15778631253671174,0.29912993877147387,0.8790371075753468,0.2454481299308075,0.6668460629119657,0.1402980096130245,0.4312960554816409,0.5298839459881824,0.09994649063025297,0.5182717579709192,0.8328043962264399,0.441546610733921,0.7876556058276315,0.5518221524528026,0.6604293602050648,0.11961766721062154,0.29408025797382426,0.5226569360942396,0.11586894036779419,0.8089887411934775,0.7421496481840407,0.1649561256556889,0.2162395968221775,0.3576176401857479,0.15280502791938919,0.6767587286044301,0.16123820934723704,0.43090713934608654,0.3640431479037181,0.5238682733754768,0.24619669436011632,0.2409178498053114,0.9999999999999999,0.3959994072044894,0.11227616970086964,0.3768959697304437,0.8039579023483289,0.13344716224549652,0.15536141346980245,0.06012807954970766,0.2937203563831568,0.5482087603644121,0.9290607672668024,0.3369560921307661,0.168491936926638,0.7813125262384137,0.700410411185735
Profesor Salomón y Tutu-Tutu,0.011811967735055795,0.00669242391033717,0.08305130009879332,0.2746851949088605,0.13697781799475112,0.0171555418886749,0.20589989514229398,0.15365176313609663,0.050856749707110085,0.13265739828585657,0.2535865077219775,0.05622550975498777,0.1645705761440971,0.18935400178424064,0.3815406025045025,0.28859442239629823,0.4770089603821452,0.5749901409226275,0.321065822649516,0.4223315901627061,0.05340154244800315,0.22249083541184586,0.24685777496987804,0.3872472264658514,0.23298879362170608,0.2948561982594359,0.10910604055759966,0.19570234488388952,0.4445238103171739,0.11395015056423075,0.13445485612679264,0.007936278996187913,0.29688350266394287,0.2759884057799699,0.1833241809377516,0.3391626850671051,0.2009674760991597,0.2019105206972744,0.016148925873408344,0.19338984286194777,0.32285076759911124,0.027271974486911817,0.22562449119261116,0.4073911782088553,0.4111567499596068,0.07049946949850432,0.6579586397018231,0.03924233042526829,0.30131103073543763,0.02067006282569839,0.12552704052367394,0.0962738553534317,0.39540864237847684,0.1348107546647491,0.10223461613048622,0.3959994072044894,1.0,0.22001468758994083,0.2807594034999445,0.33318399140478333,0.041739460572830685,0.10154540187443588,0.32024374866338895,0.3822716205920941,0.17075353246504554,0.3805242469299447,0.4770528834845541,0.041120514991726795,0.27285449988856275,0.2012212577269678
Pujillay,0.053082238733314586,0.03390425113458197,0.12491048708979585,0.0950596520869088,0.03409924998601523,0.006323179345639443,0.26059203719900614,0.22946184830835192,0.10408698557012007,0.061397661610303605,0.05941945159844941,0.0218683943432655,0.14967383364286582,0.1049631361752984,0.22967841918563764,0.18153771376370378,0.1674816290398989,0.078731713735527,0.1892320493050719,0.10160010761498263,0.04704019925581094,0.26695901709068975,0.15290699865085466,0.3105605938504178,0.24042282604779136,0.17279690152956095,0.0495284334331795,0.06843918279834107,0.022775133875895477,0.030225252884811923,0.05445677795645743,0.15682106387786304,0.6339663242547847,0.12518967262080044,0.08598577620327463,0.17883963563834956,0.09149969903003981,0.13032542505944197,0.023916272440815865,0.1607929181819096,0.13516854416383414,0.0429879235653062,0.07984969732211118,0.1581425913031581,0.34399721774693,0.019732469806130856,0.44914220864150506,0.01998794126974183,0.22348879764437615,0.005832755890195702,0.15310549197951265,0.2679312561383977,0.0661060751583796,0.16784924631951642,0.08447163638289022,0.11227616970086964,0.22001468758994083,1.0000000000000002,0.15952364738651353,0.09111099167090882,0.0649559811583764,0.012856398137482648,0.4154510461878648,0.7266022218988278,0.15060081535155248,0.09444622254071904,0.10879120161177593,0.14611706370610544,0.3304990333852014,0.3086242695467262
Ricardo Meruane,0.04222502229396809,0.018693958701048313,0.08836923723780213,0.2630818279794047,0.10915929074485545,0.12964408203423344,0.3682330157925546,0.1430683887261547,0.10472247285054347,0.2139380703275917,0.8086715891929227,0.013766173413568155,0.18306862279410432,0.13208293892811762,0.2118125196754952,0.3911988693244227,0.5187685260905311,0.2512873393185677,0.0954260255065689,0.43749366507318627,0.10705922016780692,0.2326441165947084,0.1924009374792028,0.1854757479306635,0.09581350663778815,0.28527437629948416,0.1716209067928003,0.23862153273245726,0.026054247164098595,0.09686116738149612,0.1544272423955963,0.06739836847469788,0.3163411967031376,0.28069015136102465,0.7026100169775548,0.46573746895621926,0.1269350255142701,0.7013932200248617,0.15402586457135076,0.25389366737060165,0.45419719868319774,0.031772795561593625,0.2539837475493233,0.2191493850905604,0.20441972225022642,0.05364118707634857,0.07281040043955385,0.03505251287163648,0.3760217392134062,0.03266214066226415,0.1539289091228642,0.14711596751151632,0.4849458106890459,0.18227615056405863,0.28216280781115577,0.3768959697304437,0.2807594034999445,0.15952364738651353,0.9999999999999998,0.500547191514053,0.11769015757371752,0.02311575101653636,0.0056965994046039884,0.19320887284359586,0.19593551591747577,0.39936861058532536,0.16971488769098897,0.06786926455617832,0.41760742486906155,0.26542555954376873
Rodrigo González,0.19338366251768382,0.213972626242094,0.37063977824533506,0.7242645188026479,0.37924160414488417,0.08296854127707153,0.6370616736650064,0.5130511277427456,0.04703369861998905,0.45841253521814235,0.613385976779538,0.09561379806518625,0.476115749569849,0.6134269761541744,0.5042457698341153,0.6602643221609227,0.826887156771695,0.6369395818568514,0.15987309712498626,0.7988977357417536,0.22398049752888416,0.272651718760908,0.6646680320493699,0.11707055968788728,0.28909384325973325,0.7413384527597673,0.24436669346499362,0.49666287737193154,0.10261266948968834,0.33916540063957873,0.4522931020924821,0.04985489587745072,0.5632898750972944,0.7082032334896069,0.5655499060188015,0.7301642815188394,0.5784693966935941,0.6566491812975995,0.1809834694103064,0.39797781063406573,0.5623387447022046,0.086694538096832,0.6443376680236534,0.6207967049154042,0.2127174725399054,0.31504804973530925,0.2600740193676817,0.060506655290637534,0.625431865024661,0.10701727961126291,0.3316295023684432,0.2885304670836409,0.5653796063741421,0.23941623422103359,0.2833814108286752,0.8039579023483289,0.33318399140478333,0.09111099167090882,0.500547191514053,1.0,0.285790933793492,0.18238035290375462,0.08220340031111492,0.2246381092849628,0.41170522920583014,0.71400123391125,0.28147733290662746,0.290356255996293,0.6665030454777812,0.553778679915472
Rodrigo Villegas,0.09603221702113232,0.44719021499982214,0.3829377080978995,0.13217700792660086,0.19845311189838186,0.1325197472931939,0.2784578992247685,0.25672468028419104,0.43666463918858395,0.2061803676342527,0.2582979083066172,0.03159764823454913,0.36251997083803106,0.188753108110498,0.6499083316323214,0.2196841982013222,0.13806888575395093,0.11460583420570047,0.2286959143362583,0.13286576708581044,0.32048399029890606,0.1320372731273815,0.09810698623832738,0.13072389825341782,0.12552119418715027,0.18630786505032867,0.16840121332643282,0.17698264952784573,0.06815756126622691,0.15989687195642327,0.2163085080063015,0.016005838293365687,0.17082361818783434,0.12274567564480728,0.12196367081555613,0.13443273476053688,0.11807029989690442,0.10607181494379546,0.25372507331257665,0.3206880946593009,0.3439751469070669,0.056623274714747034,0.28082365793840264,0.15141836275269419,0.14771271824461865,0.2032471537959411,0.035206092549776226,0.15569977415292705,0.16539674117917652,0.1884603264017011,0.3920165230648208,0.11125098907965507,0.16188429481657182,0.2666718702442696,0.09807062106904028,0.13344716224549652,0.041739460572830685,0.0649559811583764,0.11769015757371752,0.285790933793492,1.0,0.07235544013858505,0.0368219450665557,0.11990956902541236,0.13412656549280383,0.1305243355445077,0.1841278477127081,0.11114672289325547,0.27616003267700634,0.14376325351682886
Rudy Rey,0.0058602789223889,0.04228856168964089,0.15759668491452525,0.20524912715654597,0.259673213435953,0.1113687164686559,0.04135111136397584,0.16747941133533834,0.3287677430073507,0.06213554966008222,0.12769321852329205,0.5404810660402207,0.05013423339575664,0.15316467749694357,0.29090931654445995,0.05416590181041991,0.0783625814035887,0.09617273653102858,0.25946840261481957,0.19445487373927525,0.3157884389930728,0.1682202065215193,0.03526680057613684,0.030887626592950596,0.46489865287207244,0.12074820801484783,0.12144596098408632,0.05757696068527507,0.38985814581631445,0.16279812826930076,0.07914221993757793,0.005248196183791841,0.03865158903155985,0.12731964679329305,0.01167148001768667,0.18124364925156464,0.33946284629755624,0.026346806756639075,0.029215992948212116,0.21160977827483812,0.13005196458408988,0.009268000530369098,0.06703055407752617,0.35251534662131145,0.20551468850119742,0.2521700311109502,0.07708113524852903,0.033676510596351024,0.13264284773411872,0.28624582152803835,0.3695082051447489,0.014469442245708116,0.5212859633194523,0.06714992144524766,0.39448460244172795,0.15536141346980245,0.10154540187443588,0.012856398137482648,0.02311575101653636,0.18238035290375462,0.07235544013858505,1.0,0.03850672976171745,0.05789399743555337,0.013432900025971991,0.0871629395506616,0.2469346791856391,0.018517171285144348,0.09597386437125391,0.028136755920005082
Ruperto,0.014572866297919514,0.006877416342616054,6.956149102376742e-05,0.18440415725258544,0.0422171259868347,0.009294863273867682,0.002208383662930484,0.18119549244636415,0.017623867579044723,0.0003361471019249561,0.12480467686641614,0.04872728999147322,0.008532167583233491,0.016112615631334506,0.3869714002123412,0.08903902105711844,0.06150689754993932,0.0029559744576801036,0.21805322409585445,0.017260507728161758,0.07278707335486051,0.3724410179522835,0.0,0.7078842694206423,0.37314381998846596,0.026357794046287995,0.025979361212242136,0.00031610569395248294,0.0,0.11137747885474208,0.01433648433416191,0.0,0.3130420290819622,0.03608940729501345,0.28038965575961355,0.018577868408312048,0.0,0.011824259126598997,0.006758391645256488,0.13740771804593874,0.14518937452556882,0.0016191574610947578,0.0037107347227079424,0.20536353398903998,0.2064475146362123,0.0,0.688868865675324,0.00926773873511757,0.23104888263753146,0.003844644413541341,0.04708592820113533,0.14762919469021146,0.12879836091469624,0.13938873456454595,0.0276539295545184,0.06012807954970766,0.32024374866338895,0.4154510461878648,0.0056965994046039884,0.08220340031111492,0.0368219450665557,0.03850672976171745,1.0,0.630279133744365,0.02381579182080226,0.036819094128798656,0.3337775091088765,0.021730808164704976,0.20632359977218784,0.026926108164326234
Sandy,0.3426474954473684,0.17342550025054718,0.24684223739632108,0.3253078052889488,0.3701897750043035,0.34446691577282273,0.29194709438800787,0.2532221460551407,0.13747220352186335,0.21525592606606087,0.15379031446487468,0.02101968090843423,0.279179977656395,0.1433741417197263,0.3616540006627771,0.5025645271173744,0.33887345823749604,0.21758569843840017,0.13890567813625598,0.22909439839145807,0.12871911931654265,0.26950017845235696,0.24577541199942635,0.47825943508041263,0.3752009224765698,0.30697333115050485,0.10722297314111268,0.36779508494964186,0.027915326195155972,0.25640056893800073,0.4164344147775994,0.433566821521074,0.5335697339780515,0.3037070607922943,0.21456575859512023,0.2632335855039382,0.11056933983364935,0.1757339623694603,0.032009771329101,0.43186500061298044,0.25661740326407967,0.04832668924450136,0.3106784767451777,0.2941852325365979,0.193702326406928,0.06716104854411253,0.6920438853131718,0.0406638396955711,0.36133617369429405,0.22886307810242837,0.3647942548808551,0.17353892787338512,0.16975990324161433,0.3052021980529175,0.1911571636668692,0.2937203563831568,0.3822716205920941,0.7266022218988278,0.19320887284359586,0.2246381092849628,0.11990956902541236,0.05789399743555337,0.630279133744365,0.9999999999999999,0.5386667672990555,0.31490901241545083,0.19549087614661076,0.27357210118201136,0.42377516680063565,0.3403634898981746
Sarah Sanders,0.5807666218138392,0.20256435780985182,0.3958338718667157,0.6088032083615272,0.6947006533575935,0.5706804996618969,0.4476043478352803,0.4861422307593261,0.21752103783082602,0.3067551691323053,0.2705239451838283,0.012888040299230392,0.5175980843124829,0.30711203338937704,0.2101567305178512,0.7676746610362287,0.6279302765932191,0.3747851088220267,0.08599187623671388,0.4847130701688437,0.11994444123749287,0.14518258686191204,0.5173913960395644,0.03128789861553284,0.14394384192168935,0.5543688429742967,0.19407175526831172,0.7268042854739812,0.0636032858920667,0.4802688290463219,0.7779853687673142,0.6700223623897335,0.31413728735900487,0.5938076230999718,0.3954722498203363,0.4228028472148732,0.27427286504140336,0.41708819412034404,0.03372175557495423,0.5353240719771163,0.36966146800418936,0.09019466632928896,0.6405667353239773,0.42436304896025884,0.057003195090713554,0.14735902602276596,0.19620649101863263,0.05949335180752168,0.4142625392346252,0.3576142547067058,0.5701548417704734,0.20579354782396353,0.1917895811645139,0.38864219570564945,0.33568350647605893,0.5482087603644121,0.17075353246504554,0.15060081535155248,0.19593551591747577,0.41170522920583014,0.13412656549280383,0.013432900025971991,0.02381579182080226,0.5386667672990555,1.0,0.5818936907198008,0.20050215861664958,0.4654690018525167,0.6000189942552596,0.497065230505664
Sergio Freire,0.27144626896888513,0.1406475455285755,0.4442394253231055,0.8281011999369557,0.5330681698219715,0.34213879486644927,0.7320826691885735,0.40730779246908533,0.03155134780857364,0.39969974268261577,0.4820522946762855,0.014175550736359203,0.5392196383289557,0.591085381811158,0.3294736471926045,0.7618303493012226,0.8974371896310376,0.5925242018482672,0.17352793032997016,0.9027162042832931,0.19718429043778576,0.33887903426949173,0.7301021471490526,0.1386611547271425,0.2402218273824619,0.7543973165432915,0.25860177815375174,0.7365958762291542,0.08729396966355386,0.5291086281327545,0.6654968602637916,0.253580659681959,0.48104652703371303,0.7878237461105705,0.4155017036570038,0.6814631241821589,0.46925116960543906,0.6088366918750259,0.19324500000553393,0.34141368788333726,0.5290728754393346,0.10495721431972568,0.8172067851353894,0.5979950965801246,0.1785526024722451,0.1850967707755006,0.2962780130734461,0.18010984804782706,0.6366163044643661,0.20204753235479941,0.4036037669477787,0.32268131897589153,0.5219682305277629,0.2777541908098305,0.24214692892775205,0.9290607672668024,0.3805242469299447,0.09444622254071904,0.39936861058532536,0.71400123391125,0.1305243355445077,0.0871629395506616,0.036819094128798656,0.31490901241545083,0.5818936907198008,1.0,0.29400793141932624,0.23525357829794796,0.7547945534697181,0.6471079141604238
Stefan Kramer,0.04579466100823381,0.028633042974912738,0.09242855077787789,0.33960948047774253,0.11555121079251018,0.01580861791838466,0.26671756367668065,0.185274252718012,0.1648794495248933,0.13742086396395323,0.19514474523630101,0.2134026022403989,0.16456658504985638,0.31505371152071276,0.42865569543547605,0.2899688653946008,0.3830445186592988,0.41783292026391755,0.24682348750358518,0.3749401718177877,0.20037511174717015,0.4301073951988494,0.24779966139415835,0.48935293529317464,0.4594078867976085,0.26009549410244803,0.26635835297874766,0.17983412653785666,0.3184323077604068,0.2929123449109722,0.16122302352453344,0.003898269986791453,0.4827097804381153,0.34121249845931734,0.25933143907352335,0.2911138701859091,0.21061999251508423,0.29948379882367515,0.11742108122265452,0.271618506881782,0.2640749852086384,0.027024988642366583,0.24919362876803272,0.5555845335271199,0.2831306714388504,0.1533801817941409,0.41138405613859574,0.03490740737268785,0.31787598597904754,0.1337991101618553,0.318220500917138,0.19710149364399818,0.3124528443385737,0.1987376284217523,0.22612330885375853,0.3369560921307661,0.4770528834845541,0.10879120161177593,0.16971488769098897,0.28147733290662746,0.1841278477127081,0.2469346791856391,0.3337775091088765,0.19549087614661076,0.20050215861664958,0.29400793141932624,0.9999999999999998,0.1052165152176174,0.36317253211376904,0.3024882224382192
Zip-Zup,0.7234275787868123,0.1347531925503877,0.4732520622996706,0.3304819196482191,0.40083237718815,0.46085324363658153,0.2944179508147376,0.30269930095087677,0.24144371385987098,0.22741647842202142,0.1309785242214236,0.0356101391814459,0.688232317673992,0.0665654005479716,0.16378311151475494,0.5473425415953583,0.25171324033660974,0.13057469064217825,0.3640470630661644,0.14995643997810723,0.34102326344853967,0.2223600107746313,0.1625064398490883,0.032907680503459845,0.3211764038206476,0.28836485958177427,0.32182182586074626,0.39113561940297975,0.08362267780174218,0.2685473500818594,0.527629219756521,0.5336759400959613,0.2581714972751895,0.2814924111454317,0.1999987024244926,0.3259671276876006,0.05963406642627963,0.24282460479022325,0.2154639344166299,0.479036685664529,0.15070448809661752,0.5289973879526445,0.44317847004761407,0.17151050737374038,0.09779183713713846,0.07180917037789626,0.04795695887474629,0.15572117090344434,0.3052120987345269,0.2485719331869303,0.22016616039169623,0.08919064657689009,0.13753278827968382,0.31271542510415723,0.3609630821259819,0.168491936926638,0.041120514991726795,0.14611706370610544,0.06786926455617832,0.290356255996293,0.11114672289325547,0.018517171285144348,0.021730808164704976,0.27357210118201136,0.4654690018525167,0.23525357829794796,0.1052165152176174,1.0000000000000002,0.3997563655148348,0.20692871206129226
Álvaro Salas,0.3202519797163605,0.10053653648456382,0.4188739493690722,0.8332636378953862,0.5402698442499637,0.39895390237288636,0.7098630520513468,0.6272042650098965,0.28295503156704194,0.5452120075684233,0.4815022086847864,0.14014497905976292,0.5384850223818466,0.47373320836863864,0.5797319457681985,0.7653224589267519,0.7834784184695618,0.566479331845293,0.31215867316903423,0.7223530037358488,0.24327606348176603,0.4222649132817663,0.6969245190418789,0.1726133156808052,0.3857780373887847,0.754331462853069,0.39838665309696547,0.7106600806523429,0.148449456888464,0.3990484834997801,0.5837140211196941,0.3519302569802911,0.582462179542549,0.7238723328655837,0.6356880890747281,0.7156704611434109,0.41877667103879207,0.6321072579934071,0.19459826088848142,0.5113603903571394,0.650648757173412,0.24344192726379532,0.7843839766169454,0.6868005722178774,0.44070817383340083,0.17938065362063793,0.31197417820077494,0.20812469523361382,0.807265477373298,0.22111027534327965,0.38761314493537197,0.5452481004582079,0.34072381127755386,0.3306785205317684,0.37759771332539743,0.7813125262384137,0.27285449988856275,0.3304990333852014,0.41760742486906155,0.6665030454777812,0.27616003267700634,0.09597386437125391,0.20632359977218784,0.42377516680063565,0.6000189942552596,0.7547945534697181,0.36317253211376904,0.3997563655148348,1.0,0.7474819664047645
Óscar Gangas,0.22875946884262158,0.053395770311637634,0.4062122560360772,0.7260576439284243,0.4642258757741692,0.18179810650592362,0.7519742279278389,0.5110583996313246,0.23580459394845174,0.4979851268324342,0.33736726185915533,0.15986599710270843,0.3756392533543433,0.4267614504620879,0.49127013157002697,0.6628931095997137,0.7019707725797955,0.5254935831020193,0.1525554469215122,0.6307942879290863,0.18443617933374268,0.3146182210029385,0.8031482828373004,0.16931062036830394,0.3406981376920869,0.7389354344979385,0.43868091001367004,0.5711887663722887,0.07229786222389761,0.34340720574516076,0.4706252073048115,0.23319572407863423,0.6276786110633187,0.8033829420739358,0.41670632936547,0.6475291370468081,0.36988692789997485,0.5471070499221948,0.127409147784688,0.5107184584277561,0.3974228315528269,0.11748799777769867,0.6260003386625708,0.510574510818727,0.21855232016124054,0.15279854218363717,0.3079978186501398,0.2091394651032631,0.6404564323213912,0.14393712500204567,0.2679365325755853,0.5029988656902135,0.28290450627550046,0.30307096887132284,0.2059832655928099,0.700410411185735,0.2012212577269678,0.3086242695467262,0.26542555954376873,0.553778679915472,0.14376325351682886,0.028136755920005082,0.026926108164326234,0.3403634898981746,0.497065230505664,0.6471079141604238,0.3024882224382192,0.20692871206129226,0.7474819664047645,1.0
