segment_row_idx,n_topics_above_threshold,probability_mass_above_threshold,top1_topic_id,top1_topic_name,top1_p_topic,top2_topic_id,top2_topic_name,top2_p_topic,show,year,decade,topic_final,topic_name_final,text_preview,topic_prob_gap_top1_top2
1926,3,0.41300862762835233,31,31_niño_cabro chico_cabro_chico,0.1698231813170353,23.0,23_tac_tac tac_hijos_papá,0.1383604280674322,Los Locos del Humor,2014,2010,4,4_abuela_vieja_abuelita_suegra,"No, pero ¿cómo tanto? Ogo, ¿te das cuenta? ¿Te das cuenta? Si los cabros chicos están todos cambiados, A ver qué están cambiados están los cabros chicos. Los ca",0.0314627532496031
114,3,0.3026089012110691,23,23_tac_tac tac_hijos_papá,0.1150212479485957,31.0,31_niño_cabro chico_cabro_chico,0.1049534072971948,Pujillay,1990,1990,2,2_chileno_chile_chilenos_argentino,"¿Se dieron cuenta la niñita la rubia esa que vino con las paquitas? Tiene a medio chile hace como una semana hablando con SH, chita se han dado cuenta, no puedo",0.0100678406514009
3360,3,0.4670846453477801,23,23_tac_tac tac_hijos_papá,0.2790099541931022,19.0,19_colegio_profe_profesor_profesora,0.1020421617353307,Javiera Contador,2020,2020,23,23_tac_tac tac_hijos_papá,"Pasamos, nos llamó la atención que no había ningún niño tan chico como los de nosotros, pero también que niño chico se come 85 minutos de espera, hora y media y",0.1769677924577715
242,3,0.47466551075899277,23,23_tac_tac tac_hijos_papá,0.2776055299751818,31.0,31_niño_cabro chico_cabro_chico,0.1004573495125745,Sandy,1993,1990,23,23_tac_tac tac_hijos_papá,"Padre, madre, hijo mexicano van caminando por avenida la Reforma en México y el niño al ver un automóvil y dice al padre: «Papá, ¿qué es eso?». «Pues qué sé yo»",0.17714818046260727
3361,3,0.3289181985727038,23,23_tac_tac tac_hijos_papá,0.1470136526190546,31.0,31_niño_cabro chico_cabro_chico,0.095198862754099,Javiera Contador,2020,2020,23,23_tac_tac tac_hijos_papá,"Oye, lo más traumático que les he hecho a mis hijos, no entiendo por qué hice eso. Yo creo que como pensé como, ""Ay, los famosos llevan a sus hijos a Disney."" A",0.05181478986495561
2782,3,0.2720638586418535,29,29_amiga_mira mira_amigas_tenés hacer,0.0990619460437429,5.0,5_mujeres_hombres_mujer_hombre,0.0926115088014379,"Carlos ""El Mono"" Sánchez",2017,2010,24,24_plata_bolsa_crédito_chino,"Pero no... todas esas operaciones están de moda. Las operaciones están de moda. Antes el sostén era una sola talla, ahora el sostén viene en copa A, B, C, D, E,",0.006450437242304999
1590,3,0.34418768883064943,23,23_tac_tac tac_hijos_papá,0.1651327625067659,31.0,31_niño_cabro chico_cabro_chico,0.092452707806441,Dino Gordillo,2011,2010,23,23_tac_tac tac_hijos_papá,"No No, es que es una cosa que yo a veces no comprendo, señoras y señores, las vacaciones, nosotros los papás nos sacamos la cresta todo el año preocupados de sa",0.07268005470032489
1377,3,0.27343897513979176,5,5_mujeres_hombres_mujer_hombre,0.0978654199572267,29.0,29_amiga_mira mira_amigas_tenés hacer,0.0906251790125503,Álvaro Salas,2007,2000,8,8_amante_mujer_marido_matrimonio,"«¿Y tu mujer grita cuando hace el amor?». «La vierais cómo grita, la escucho a dos cuadras».",0.0072402409446764016
3158,3,0.2654067208851833,5,5_mujeres_hombres_mujer_hombre,0.096046205209669,8.0,8_amante_mujer_marido_matrimonio,0.0886194399325331,Alejandra Azcárate,2018,2010,5,5_mujeres_hombres_mujer_hombre,"En el caso nuestro es diferente porque nosotras las mujeres después de los 30 años, cuando optamos por salir con hombres menores —que a todas empiezan a gustarn",0.007426765277135899
1182,3,0.2546593713008597,29,29_amiga_mira mira_amigas_tenés hacer,0.0870972369270576,8.0,8_amante_mujer_marido_matrimonio,0.0859130667394332,Paulo Iglesias,2005,2000,8,8_amante_mujer_marido_matrimonio,"El otro día le dije: «Oye, compadre, te hago una consulta, dime, ¿tu señora grita cuando hace el amor?». «Sí, porque la escucho hasta de la pega».",0.0011841701876244004
1376,3,0.2661060232126433,5,5_mujeres_hombres_mujer_hombre,0.0976872374840573,29.0,29_amiga_mira mira_amigas_tenés hacer,0.0857485679000344,Álvaro Salas,2007,2000,8,8_amante_mujer_marido_matrimonio,"Compare con la confianza que tenemos los dos, te puedo hacer esta pregunta, ¿tu mujer se queja cuando hace el amor? Puta, la vi como se queja. ¿Y qué dice, por ",0.011938669584022898
718,3,0.24580536695737448,29,29_amiga_mira mira_amigas_tenés hacer,0.0829534111951318,5.0,5_mujeres_hombres_mujer_hombre,0.0826798075475278,Sandy,1999,1990,8,8_amante_mujer_marido_matrimonio,"Le preguntaron al gallego: «Oye, ¿tu mujer grita cuando hace el amor?». «Que si grita, la escucho desde el almacén».",0.00027360364760400935
667,2,0.3319371812703815,23,23_tac_tac tac_hijos_papá,0.1677948065590513,19.0,19_colegio_profe_profesor_profesora,0.1641423747113302,Dino Gordillo,1998,1990,19,19_colegio_profe_profesor_profesora,"Y ya la ya increíble, ¿ah? Ahora mismo el mismo tipo este, gracias. Llegó a una sala de clase. Permiso, señorita. Adelante. Eh, voy a hacer una entrevista a los",0.0036524318477210993
623,2,0.3624688422971491,31,31_niño_cabro chico_cabro_chico,0.204721417757943,23.0,23_tac_tac tac_hijos_papá,0.1577474245392061,Sarah Sanders,1998,1990,31,31_niño_cabro chico_cabro_chico,"Hoy y los y los cuentos de niños ¿qué? Ese niño que llega del colegio dice: «Mamá, mamá, en el colegio siempre me dejan solo». Mamá, mamá, mamá, mamá.",0.04697399321873691
3705,2,0.3446316356448305,19,19_colegio_profe_profesor_profesora,0.1906526752594328,23.0,23_tac_tac tac_hijos_papá,0.1539789603853977,Belén Mora,2023,2020,19,19_colegio_profe_profesor_profesora,"Oye chiquillos, muchas gracias, de verdad, estoy emocionadísima. Eh, no lloro para hacérmela fuerte no más, tomé clases con Gonzalo de actuación, así que Gonzal",0.03667371487403509
3981,2,0.4809142572986881,19,19_colegio_profe_profesor_profesora,0.3423440968705942,23.0,23_tac_tac tac_hijos_papá,0.1385701604280939,Alex Ortiz,2024,2020,19,19_colegio_profe_profesor_profesora,"Tengo, como le conté un hijo de 19 años, él jamás va a saber lo que realmente a mí me ha costado, pero ¿sabéis qué? Quiero romper esos patrones que a los hijos ",0.2037739364425003
1969,2,0.27327724145143106,26,26_pesos_banco_lucas_crisis,0.1375262064418982,24.0,24_plata_bolsa_crédito_chino,0.1357510350095329,Jorge Alís,2014,2010,26,26_pesos_banco_lucas_crisis,"Cuando tengo plata en el bolsillo, es porque me olvidé de pagar algo. Ahorrar ni cagando. La única tarjeta que me dieron fue la tarjeta de esta tienda, llevar, ",0.0017751714323653023
3693,2,0.33336278112857154,31,31_niño_cabro chico_cabro_chico,0.1977104408207776,23.0,23_tac_tac tac_hijos_papá,0.1356523403077939,Belén Mora,2023,2020,11,11_jorge_cama_dormir_pa,"Y no solo eso, sino que además me agarró la pandemia con un pendejo de 15 años y enfermo. Han pasado 3 años, mi hijo ahora tiene 18 años y sigue enfermo y me ti",0.06205810051298369
3656,2,0.2934167268721082,29,29_amiga_mira mira_amigas_tenés hacer,0.158249639560209,8.0,8_amante_mujer_marido_matrimonio,0.1351670873118992,Diego Urrutia,2023,2020,8,8_amante_mujer_marido_matrimonio,"A mí, la verdad, no me ha ido tan bien en el amor. Siempre he tenido un par de relaciones tóxicas. Estuve saliendo con una niña que era TENS, técnico en enferme",0.023082552248309796
113,2,0.2624749012498456,18,18_ciudad_temuco_emocionante_buenas noches,0.1336385484068297,15.0,15_fome_show_oh oh_dichato,0.1288363528430159,Pujillay,1990,1990,15,15_fome_show_oh oh_dichato,"Y no solamente en el festival. Recordemos que a principio de febrero vino Bon Jovi. Claro. Lo trajo, lo trajo la Pepsi; dice que en marzo viene Noriega, lo trae",0.00480219556381381
1448,2,0.31043140954747006,15,15_fome_show_oh oh_dichato,0.1817696238007392,18.0,18_ciudad_temuco_emocionante_buenas noches,0.1286617857467309,Stefan Kramer,2008,2000,15,15_fome_show_oh oh_dichato,"Con ustedes el animador Leo Caprile. «Eh, este bueno, señoras y señores, sean todos ustedes bienvenidos. Este bueno, programa número uno de la televisión chilen",0.05310783805400829
3150,2,0.26806137837760957,29,29_amiga_mira mira_amigas_tenés hacer,0.142217563916288,8.0,8_amante_mujer_marido_matrimonio,0.1258438144613216,Alison Mandel,2018,2010,29,29_amiga_mira mira_amigas_tenés hacer,Más encima que andaba un poco insegura y ya me doy cuenta que el otro día estábamos los dos acostados con mi marido y él empezó a sonar el teléfono e hizo esto ,0.01637374945496642
1748,2,0.26418102599059723,24,24_plata_bolsa_crédito_chino,0.1385518819086044,26.0,26_pesos_banco_lucas_crisis,0.1256291440819928,Bombo Fica,2012,2010,26,26_pesos_banco_lucas_crisis,"Oye, estaba ahí yo cuando de repente apareció un tipo me quedó mirando y me dijo: «Yo tengo lo que usted necesita». «Viagra», dije yo. «No», me dijo, «yo tengo ",0.012922737826611602
4100,2,0.4948831714322951,19,19_colegio_profe_profesor_profesora,0.3711966432128918,23.0,23_tac_tac tac_hijos_papá,0.1236865282194033,Juan Pablo López,2025,2020,19,19_colegio_profe_profesor_profesora,"A mi hijo le está yendo supermal en matemáticas, yo no soy quien va a exigirle porque a mí me fue como el hoyo en matemáticas. Con cueca sabía lo que era un tip",0.24751011499348852
2789,2,0.2593173273378466,29,29_amiga_mira mira_amigas_tenés hacer,0.1361312824088484,8.0,8_amante_mujer_marido_matrimonio,0.1231860449289982,"Carlos ""El Mono"" Sánchez",2017,2010,8,8_amante_mujer_marido_matrimonio,"Una mujer se ataca, se va de fiesta, ella llega a las 7 de la mañana y el marido: «¿Usted dónde estaba?». Y ella: «Me quedé a dormir en la casa de mi mejor amig",0.012945237479850186
1772,2,0.2657889512268376,24,24_plata_bolsa_crédito_chino,0.1439941369674366,26.0,26_pesos_banco_lucas_crisis,0.121794814259401,Bombo Fica,2012,2010,24,24_plata_bolsa_crédito_chino,"Oye, un amigo me invitó a su matrimonio y yo cometí el error de ir a comprar el regalo el último día. Lo único que quedaba era un living de felpa rojo. Carajo. ",0.022199322708035596
3057,2,0.2658493844546716,8,8_amante_mujer_marido_matrimonio,0.1446582651369757,29.0,29_amiga_mira mira_amigas_tenés hacer,0.1211911193176959,Jenny Cavallo,2018,2010,8,8_amante_mujer_marido_matrimonio,"Es importante resolver los problemas de la pareja porque si no se acumula, se acumula, se acumula y explota. ¿Y cómo explota? Infidelidad, lo clásico. Cuando el",0.02346714581927979
3714,2,0.2622428490753209,8,8_amante_mujer_marido_matrimonio,0.1416130654096001,29.0,29_amiga_mira mira_amigas_tenés hacer,0.1206297836657208,Rodrigo Villegas,2023,2020,4,4_abuela_vieja_abuelita_suegra,"Después del primer pedo cambia todo, cambia todo. Porque el hombre agarramos confianza y nos ponemos huevón, ¿sí o no? «Mi amor, tírame el dedo. Deja. Mira la v",0.020983281743879284
845,2,0.2443776585421167,14,14_loro_carabineros_cartero_carabinero,0.1258563336940531,7.0,7_avión_auto_micro_chofer,0.1185213248480636,Memo Bunke,2000,2000,7,7_avión_auto_micro_chofer,"Estamos a lo mejor moviendo la colita cuando de repente cacho una luz roja alrededor de la... «Los bomberos», dije yo. «Como venden rifa, llegan a todos lados».",0.007335008845989505
642,2,0.2820332813275124,29,29_amiga_mira mira_amigas_tenés hacer,0.1657354865768164,8.0,8_amante_mujer_marido_matrimonio,0.116297794750696,Gloria Benavides,1998,1990,13,13_almas_tele_casting_martín,"«Cree que yo lo estoy engañando con otro hombre el Anthony.» «Mmm, ya cacho, tu problema es medio como caesoncito, ¿no?» «Bueno, precisamente con él cree que lo",0.049437691826120386
666,2,0.36924411754491704,19,19_colegio_profe_profesor_profesora,0.254618997266147,23.0,23_tac_tac tac_hijos_papá,0.11462512027877,Dino Gordillo,1998,1990,19,19_colegio_profe_profesor_profesora,"¿Cómo hemos cambiado los cabros chicos? Hasta en el colegio cambian, de verdad. Ese profesor que llegó el inspector de colegio así, entró, andaba en el Minister",0.139993876987377
378,2,0.2380736156495986,8,8_amante_mujer_marido_matrimonio,0.1238588484881598,29.0,29_amiga_mira mira_amigas_tenés hacer,0.1142147671614388,Paulo Iglesias,1995,1990,8,8_amante_mujer_marido_matrimonio,"Ahora, y ahora cuando los compadres andan estresados, siempre andan con algún problema, ¿sí o no? «¿Qué te pasa, hijito? ¿Qué te pasa? ¿Qué te pasa? ¿Qué te pas",0.009644081326720996
1664,2,0.22734748472784422,7,7_avión_auto_micro_chofer,0.1147373184415188,14.0,14_loro_carabineros_cartero_carabinero,0.1126101662863254,Dinamita Show,2012,2010,7,7_avión_auto_micro_chofer,"Me encontraba yo en mi cuartel cuando de repente caen los tono. ¡Ah, ahí va! Vamos al carro. Vamos, vamos. ¿Qué pasó? De verdad que yo no manejo, po. Espera un ",0.002127152155193393
226,2,0.2502142655717538,7,7_avión_auto_micro_chofer,0.1380184266927686,14.0,14_loro_carabineros_cartero_carabinero,0.1121958388789852,Hermógenes Conache,1991,1990,7,7_avión_auto_micro_chofer,"En eso para la ladera va su automóvil como a 200 km/h. «Documento, alto». No, pues primero alto por los documentos de 16... No es que no que la gente moto ya pa",0.025822587813783396
61,2,0.22526859267310978,14,14_loro_carabineros_cartero_carabinero,0.1133361689108193,7.0,7_avión_auto_micro_chofer,0.1119324237622905,Carlos Helo,1979,1970,7,7_avión_auto_micro_chofer,"Y la verdad que el otro día me reía, porque resulta que iba una señora, iba una señora manejando el auto así. Entonces, iba lo mejor manejando el auto cuando, d",0.0014037451485287983
2488,2,0.2540532857226112,29,29_amiga_mira mira_amigas_tenés hacer,0.1424991781180739,5.0,5_mujeres_hombres_mujer_hombre,0.1115541076045373,Pedro Ruminot,2016,2010,11,11_jorge_cama_dormir_pa,"Yo siempre pensaba, por ejemplo, la discriminación incluso está en Hollywood. Por ejemplo, Titanic, una película muy exitosa que está ahí Kate Winslet que la mi",0.030945070513536593
524,2,0.22396880529372942,30,30_maestro_foto_llené_comentar,0.1128183679276975,21.0,21_pam_pam pam_luna_tenis,0.1111504373660319,Gilberto Gless,1997,1990,21,21_pam_pam pam_luna_tenis,"Y tengo otro mejor. No más que para este chiste debo meter un poquito la mano, ¿puedo? Ya me voy. Es necesario, imprescindible, irremediable.",0.001667930561665601
3977,2,0.2569702584902771,18,18_ciudad_temuco_emocionante_buenas noches,0.1458247819794162,15.0,15_fome_show_oh oh_dichato,0.1111454765108609,Alex Ortiz,2024,2020,9,9_comida_comió_pan_olla,"Toda la vida he pensado que uno tiene que ser muy agradecido también. Imagínate, yo antes del Festival del Muelle nunca había podido ir a Fantasilandia, amigo. ",0.0346793054685553
154,2,0.244354440637552,7,7_avión_auto_micro_chofer,0.1345470888272094,14.0,14_loro_carabineros_cartero_carabinero,0.1098073518103426,Palta Meléndez,1991,1990,7,7_avión_auto_micro_chofer,"Y lo para democráticamente, o sea en esta onda. En buena onda, ¿cachái? Se saca el permiso de conducir. «¿Quiere manejar usted mi No vas a nada. A ver, document",0.024739737016866797
1592,2,0.354713207984087,19,19_colegio_profe_profesor_profesora,0.245484308470313,23.0,23_tac_tac tac_hijos_papá,0.109228899513774,Dino Gordillo,2011,2010,19,19_colegio_profe_profesor_profesora,"El año pasado, fíjate que me di cuenta la vacaciones de invierno Me tocó trabajar en Aster Mechián y me di cuenta, señoras y señores, que los cabros chicos a lo",0.13625540895653898
1307,2,0.22039386017832718,25,25_agua_pez_pueblo_nadar,0.111285949411347,21.0,21_pam_pam pam_luna_tenis,0.1091079107669802,Álvaro Salas,2007,2000,0,0_perro_perrito_mono_gallo,"Y al tipo: «¿Cómo te habéis sentido?». «Aquí ando, a medio morir saltando». Yo no conozco a nadie que ande a medio morir saltando.",0.0021780386443667893
1596,2,0.3068200413197937,19,19_colegio_profe_profesor_profesora,0.1989538820911646,23.0,23_tac_tac tac_hijos_papá,0.1078661592286291,Dino Gordillo,2011,2010,19,19_colegio_profe_profesor_profesora,"El año pasado, fíjate que me di cuenta en las vacaciones de invierno, me tocó trabajar en las Termas de Chillán y me di cuenta, señoras y señores, que los cabro",0.0910877228625355
1057,2,0.2425564655612733,7,7_avión_auto_micro_chofer,0.1350062524439461,14.0,14_loro_carabineros_cartero_carabinero,0.1075502131173272,Palta Meléndez,2004,2000,7,7_avión_auto_micro_chofer,Fíjese que después de ahí de la Lotus Clinic me salían la groener amplori y ahí con una y cuando me salían la groener amplori me suben la ambulancia y ahí me do,0.0274560393266189
3481,2,0.3358439178241988,15,15_fome_show_oh oh_dichato,0.2285649458210447,18.0,18_ciudad_temuco_emocionante_buenas noches,0.1072789720031541,Fusión Humor,2020,2020,15,15_fome_show_oh oh_dichato,"Y empezando rápidamente llego acá a la Quinta vez que con estilo, con educación, cazuela, Capo. ¡Eh! ¡Eh! ¡Eh! Gracias.",0.1212859738178906
456,2,0.2286704908022517,24,24_plata_bolsa_crédito_chino,0.1223577781924353,26.0,26_pesos_banco_lucas_crisis,0.1063127126098164,Dinamita Show,1996,1990,24,24_plata_bolsa_crédito_chino,"«Primero que nada, te vas a pasar de allá para acá con cara de chileno millonario.» «¿Millonario?» «Sí, por supuesto. Yo soy el asaltado, tú la víctima. Mucho d",0.01604506558261891
1049,2,0.2130390803377569,29,29_amiga_mira mira_amigas_tenés hacer,0.106963217020124,8.0,8_amante_mujer_marido_matrimonio,0.1060758633176329,Sandy,2004,2000,8,8_amante_mujer_marido_matrimonio,"Me despido con uno de gangoso. No se molesten. Los Los gangosos son apocados, son tranquilos, son tímidos. Va a ver al psicoanalista y dice, «No, no.» Mi mujer ",0.0008873537024911005
647,2,0.3439322958466362,26,26_pesos_banco_lucas_crisis,0.2380230176702205,24.0,24_plata_bolsa_crédito_chino,0.1059092781764157,Gloria Benavides,1998,1990,26,26_pesos_banco_lucas_crisis,"Soñar no cuesta nada. Maestro, ¿verdad que soñar no cuesta nada? ¿Qué más quisiera yo que tener este cucu? Pero desgraciadamente el cucu no es mío. Lo tuve que ",0.13211373949380478
2745,2,0.2126099063579696,29,29_amiga_mira mira_amigas_tenés hacer,0.1069032186666095,8.0,8_amante_mujer_marido_matrimonio,0.1057066876913601,"Carlos ""El Mono"" Sánchez",2017,2010,8,8_amante_mujer_marido_matrimonio,"Me dijeron cuando venía para acá, que para pararse frente al monstruo hay que ser valiente. Sí. Pero le voy a decir: «Señoras, ¿qué es ser valiente?». Ser valie",0.0011965309752493963
751,2,0.2797380250550871,25,25_agua_pez_pueblo_nadar,0.1740931858033693,21.0,21_pam_pam pam_luna_tenis,0.1056448392517178,Melón y Melame,1999,1990,25,25_agua_pez_pueblo_nadar,"Yo, por ejemplo, quise atravesar a tu hermana para cruzar el río donde estábamos. Ah, ya, ya. Ya vamos, se podía caer, me solté. Estaba muy profundo, no quise.",0.0684483465516515
2717,2,0.2406777879326421,5,5_mujeres_hombres_mujer_hombre,0.1354333724923582,29.0,29_amiga_mira mira_amigas_tenés hacer,0.1052444154402839,"Daniela ""Chiqui"" Aguayo",2017,2010,5,5_mujeres_hombres_mujer_hombre,"Y una cosa que nunca voy a entender de ustedes los hombres, es que tienen un radar, realmente un radar para no darse cuenta cuando una mujer está caliente. Uno ",0.030188957052074306
903,2,0.223962063760608,14,14_loro_carabineros_cartero_carabinero,0.1194226349605057,7.0,7_avión_auto_micro_chofer,0.1045394288001023,Dino Gordillo,2000,2000,7,7_avión_auto_micro_chofer,"Porque ya no se puede confiar en nadie, ¿ah? El tipo que lo pare el auto así le dice, «Documento, ¿y por qué te pasaste el rojo?» ¿A dónde la diste? Pues soy lo",0.014883206160403409
2656,2,0.2291351615520956,21,21_pam_pam pam_luna_tenis,0.1246058019239794,25.0,25_agua_pez_pueblo_nadar,0.1045293596281162,Juan Pablo López,2017,2010,3,3_presidente_checho_piñera_chile,"Gente que no tiene agua potable, no tiene electricidad, no tiene alcantarillado. Cuando se casan, ¿dónde está la lista de novios? ¿En Conchuimarca? ¿Me puse hue",0.020076442295863195
644,2,0.23485312651696488,21,21_pam_pam pam_luna_tenis,0.13035560369403,30.0,30_maestro_foto_llené_comentar,0.1044975228229349,Gloria Benavides,1998,1990,21,21_pam_pam pam_luna_tenis,"«Cuatro, vos tenéis más carrete que un de ordi lo curado para el 18, comadre.» «¡Ah! Que le poní, Rumpi, Rumpi, por favor, ayúdame. Dame un consejo. Mira que es",0.02585808087109509
4125,2,0.2897622754235206,24,24_plata_bolsa_crédito_chino,0.1854065947939671,26.0,26_pesos_banco_lucas_crisis,0.1043556806295535,Juan Pablo López,2025,2020,24,24_plata_bolsa_crédito_chino,"vaya había comprado a sus locales, es que hay un producto en la gonda y le preguntáis al chino, «Una consulta, este producto me sirve para Shishi Silver.» ¿Frut",0.0810509141644136
2353,2,0.2609849302857403,23,23_tac_tac tac_hijos_papá,0.1568202860065361,6.0,6_hijos_guagua_hija_mamá,0.1041646442792042,Edo Caroe,2016,2010,6,6_hijos_guagua_hija_mamá,"Y por ejemplo, yo tengo una vecina que le gusta tener sexo con las ventanas abiertas. Y yo tuve que decirle un día: «Oye, ¿sabes qué? Podría cerrar las cortinas",0.052655641727331906
1778,2,0.3424295635162884,26,26_pesos_banco_lucas_crisis,0.2382830779905465,24.0,24_plata_bolsa_crédito_chino,0.1041464855257419,Bombo Fica,2012,2010,26,26_pesos_banco_lucas_crisis,"Después un abrazo grande para esos hermosos trabajadores de nuestra patria. Somos un país bueno para agarrar papa. Cuando apareció lo de la crisis, ¿se acuerdan",0.13413659246480458
196,2,0.350617368332651,25,25_agua_pez_pueblo_nadar,0.2474713083923936,21.0,21_pam_pam pam_luna_tenis,0.1031460599402574,Hermógenes Conache,1991,1990,25,25_agua_pez_pueblo_nadar,"Les voy a hablar de mis comienzos. Yo empecé a actuar en el sur, un pueblo chiquitito. ¿Cómo sería de chico el pueblo, que uno se movía para el lado y se salía ",0.14432524845213618
2454,2,0.43308444539630797,29,29_amiga_mira mira_amigas_tenés hacer,0.3300785268622003,8.0,8_amante_mujer_marido_matrimonio,0.1030059185341077,Natalia Valdebenito,2016,2010,29,29_amiga_mira mira_amigas_tenés hacer,"La cuestión es que si uno ha sido o has No sé, o es celoso, es básicamente porque en algún momento de su vida uno fue malo. No ustedes, yo. ¿Okay? Yo. Yo en alg",0.2270726083280926
2390,2,0.3231841746136598,23,23_tac_tac tac_hijos_papá,0.221021832562166,19.0,19_colegio_profe_profesor_profesora,0.1021623420514938,Rodrigo González,2016,2010,19,19_colegio_profe_profesor_profesora,"Yo tengo cuatro hijos con tres mamás distintas. Y mis hijos son una delicia, son maravillosos, pero hay que educarlos. Y la educación en Chile es cara. La educa",0.11885949051067221
4098,2,0.4353955811287683,19,19_colegio_profe_profesor_profesora,0.3333268113713387,23.0,23_tac_tac tac_hijos_papá,0.1020687697574296,Juan Pablo López,2025,2020,19,19_colegio_profe_profesor_profesora,"En cambio mi hijo se tropieza en el reguero, oh, se activa el seguro escolar. Aparecen 10 donadores de órganos, radiografía. No, no me gusta llevar a mis hijos ",0.2312580416139091
3896,2,0.3786944528277104,23,23_tac_tac tac_hijos_papá,0.2788288248456688,19.0,19_colegio_profe_profesor_profesora,0.0998656279820416,Lucho Miranda,2024,2020,23,23_tac_tac tac_hijos_papá,"O sea, igual la maqueta me quedaba bonita. La maqueta me quedaba muy bonita. O sea, mi mamá le quedó muy la maqueta. Es que Yo creo que típico los colegio típic",0.1789631968636272
486,2,0.2082740370451131,25,25_agua_pez_pueblo_nadar,0.1085169572018499,21.0,21_pam_pam pam_luna_tenis,0.0997570798432632,Dinamita Show,1996,1990,25,25_agua_pez_pueblo_nadar,"«¿En qué se parece un coche a un ángulo recto?» «A ver o no. Invierte la palabra coche, o sea, dila al revés: Checo». Checo viene de Checoslovaquia. Ya. ¿Cierto",0.008759877358586701
2747,2,0.20161195678628302,29,29_amiga_mira mira_amigas_tenés hacer,0.1018664262677907,8.0,8_amante_mujer_marido_matrimonio,0.0997455305184923,"Carlos ""El Mono"" Sánchez",2017,2010,8,8_amante_mujer_marido_matrimonio,"¿Qué es ser valiente, señores? Ser valiente es llegar a la casa borracho a las 5 de la mañana y que la esposa lo esté esperando en la puerta con una escoba en l",0.0021208957492983987
2515,2,0.2049309432751866,28,28_terremoto_noticias_ta_grado,0.105299140113059,3.0,3_presidente_checho_piñera_chile,0.0996318031621276,Pedro Ruminot,2016,2010,28,28_terremoto_noticias_ta_grado,"A veces siento que Chile tiene tanta mala suerte que está construido sobre un cementerio indígena. A la calucia, mapuche. Sí, efectivamente.",0.005667336950931412
1063,2,0.2099686367037324,8,8_amante_mujer_marido_matrimonio,0.1106574495897023,29.0,29_amiga_mira mira_amigas_tenés hacer,0.0993111871140301,Palta Meléndez,2004,2000,8,8_amante_mujer_marido_matrimonio,"«En caso de guerra mataría a un hombre». «Sí, pero en dos noches». Así está la cuestión ahora.",0.011346262475672206
2951,2,0.4103494074991146,19,19_colegio_profe_profesor_profesora,0.3110559958819631,23.0,23_tac_tac tac_hijos_papá,0.0992934116171515,Fabrizio Copano,2017,2010,19,19_colegio_profe_profesor_profesora,"Ahora, yo soy de la generación que nació en los 2000... o sea, no nacimos en los 2000, fuimos jóvenes en los 2000. Todos entramos a la universidad, pero no porq",0.2117625842648116
1751,2,0.2277681436400366,24,24_plata_bolsa_crédito_chino,0.1285596993200685,26.0,26_pesos_banco_lucas_crisis,0.0992084443199681,Bombo Fica,2012,2010,26,26_pesos_banco_lucas_crisis,"No, no. Y no es chiste. Me fui, pasó el tiempo y un día le tuve que hacer un cheque a la nana que tenía que ir a comprar a la feria; le hice un cheque por 600 0",0.0293512550001004
2758,2,0.2091852796744571,29,29_amiga_mira mira_amigas_tenés hacer,0.1104645781080889,8.0,8_amante_mujer_marido_matrimonio,0.0987207015663682,"Carlos ""El Mono"" Sánchez",2017,2010,8,8_amante_mujer_marido_matrimonio,"Secreto para nosotros los hombres: ¿quieren evitar una pelea con su señora cuando lleguen después de tomarse los tragos, lleguen borrachos? ¿Quieren evitar una ",0.01174387654172071
800,2,0.48747797340005117,31,31_niño_cabro chico_cabro_chico,0.3892098932647567,23.0,23_tac_tac tac_hijos_papá,0.0982680801352945,Álvaro Salas,2000,2000,31,31_niño_cabro chico_cabro_chico,"Pero tengo un vecino... De cabro chico, todos los que le conocíamos, créame que si esto tenía una mezcla de sentimientos encontrados frente a él, entre cariño y",0.2909418131294622
1239,2,0.20780180481528499,8,8_amante_mujer_marido_matrimonio,0.1098205069014695,29.0,29_amiga_mira mira_amigas_tenés hacer,0.0979812979138155,Coco Legrand,2006,2000,8,8_amante_mujer_marido_matrimonio,"En cambio, no, el hombre no, el hombre fija su su su su meta en un su objetivo en un lado, por eso cuando hagan el amor con su marido. Después del polo, no le h",0.01183920898765399
3848,2,0.4828990593106258,23,23_tac_tac tac_hijos_papá,0.3849741539061317,19.0,19_colegio_profe_profesor_profesora,0.0979249054044941,Luis Slimming,2024,2020,23,23_tac_tac tac_hijos_papá,"Bueno, en mi casa, bueno, de verdad, eran así. En mi casa cuando yo era chico el 11 de septiembre era feriado en mi casa, mi mamá no me mandaba a clase. No sé, ",0.2870492485016376
2127,2,0.2529541988813665,14,14_loro_carabineros_cartero_carabinero,0.1551276683880075,7.0,7_avión_auto_micro_chofer,0.097826530493359,Centella,2015,2010,7,7_avión_auto_micro_chofer,"Llegó un carabinero un día fiscalizando en la calle y dijo, ""Documento."" No, no dijo así tampoco. Dijo Ahora sí. Dijo dijo, ""Alto."" Dijo el carabinero, ""Alto."" ",0.05730113789464851
1554,2,0.2012082152240261,6,6_hijos_guagua_hija_mamá,0.1039494987201183,23.0,23_tac_tac tac_hijos_papá,0.0972587165039078,Coco Legrand,2010,2010,6,6_hijos_guagua_hija_mamá,Me aterra realmente la relación Han visto con qué odio las parejas jóvenes se tiran el pasado en la cara sin ningún respeto. ¿Han puesto atención alguna vez en ,0.0066907822162105
3791,2,0.39170407328147594,29,29_amiga_mira mira_amigas_tenés hacer,0.2944632928079339,8.0,8_amante_mujer_marido_matrimonio,0.0972407804735421,Alison Mandel,2024,2020,29,29_amiga_mira mira_amigas_tenés hacer,"Oye, esa misma amiga llega una semana después, «Huevona, ¿qué pasó? ¿Qué pasó?» Le digo a ella, «Es que mi ex está saliendo con una mina y es preciosa.» A ver, ",0.19722251233439178
3919,2,0.2407028920935692,18,18_ciudad_temuco_emocionante_buenas noches,0.1435159807555221,15.0,15_fome_show_oh oh_dichato,0.0971869113380471,Sergio Freire,2024,2020,3,3_presidente_checho_piñera_chile,"Yo hago shows, vendo entradas, y ahora la tengo difícil porque todos vienen para acá a Chile. Los mejores vienen. Yo me tengo que pelear entradas con Dua Lipa, ",0.046329069417475
4189,2,0.2419803229217615,7,7_avión_auto_micro_chofer,0.1456501354133142,14.0,14_loro_carabineros_cartero_carabinero,0.0963301875084473,Pedro Ruminot,2025,2020,7,7_avión_auto_micro_chofer,"Hace unos años inventaron otra ley, la ley de los chalecos amarillos. Todos comprando chalecos amarillos. Huevones que no tenían ni auto con chaleco amarillo. H",0.049319947904866906
103,2,0.3460636106652429,25,25_agua_pez_pueblo_nadar,0.2505781576575154,21.0,21_pam_pam pam_luna_tenis,0.0954854530077275,Hugo Varela,1989,1980,25,25_agua_pez_pueblo_nadar,Yo soy el indio tití. Yo nací en el Humahuaca. Cuando me vienen las ganas en el lago Titicaca.,0.15509270464978792
1878,2,0.1982571067043147,8,8_amante_mujer_marido_matrimonio,0.1031459674473241,29.0,29_amiga_mira mira_amigas_tenés hacer,0.0951111392569906,Bastián Paz,2013,2010,31,31_niño_cabro chico_cabro_chico,"Mamá, ¿qué tiene entre las piernas? La puerta del paraíso. Mi papá, la llave que el vecino tiene la copia.",0.008034828190333493
1618,2,0.3055684271851047,25,25_agua_pez_pueblo_nadar,0.2109602977681835,21.0,21_pam_pam pam_luna_tenis,0.0946081294169212,Óscar Gangas,2011,2010,25,25_agua_pez_pueblo_nadar,"Ese par de curados que venían en el auto, venían en los curados, curados en el auto. En el otro: «¡Compadre, cuidado con el hoyo!». Y oye: «Ese no es un hoyo, u",0.1163521683512623
1174,2,0.2535956839872767,7,7_avión_auto_micro_chofer,0.1590055091332529,14.0,14_loro_carabineros_cartero_carabinero,0.0945901748540238,Paulo Iglesias,2005,2000,7,7_avión_auto_micro_chofer,¿Por qué han visto? ¿Han visto algo más imprudente que un peatón que cruza en cualquier parte? Por eso ahora pienso sacarle parte a los peatones. Yo te lo encue,0.0644153342792291
3911,2,0.4290604698642413,23,23_tac_tac tac_hijos_papá,0.3347181308135553,31.0,31_niño_cabro chico_cabro_chico,0.094342339050686,Sergio Freire,2024,2020,23,23_tac_tac tac_hijos_papá,"Las marchas partieron cuando él tenía 2 años. Me acuerdo que lo tomo, lo pongo aquí en los hombros y le dije, «Vamos a ir a una marcha.» Fuimos a la marcha, lo ",0.24037579176286927
1002,2,0.19275073945834792,23,23_tac_tac tac_hijos_papá,0.0984713193486717,31.0,31_niño_cabro chico_cabro_chico,0.0942794201096762,Gloria Benavides,2002,2000,1,1_canción_pegado_música_luis,"Él es tan chiquitito que cuando nació la enfermera, cuando lo vio en la cuna, pensó que le habían pegado un chicle. Pero se veía precioso, como chiclecito. Dice",0.004191899238995503
4132,2,0.1880261124635825,14,14_loro_carabineros_cartero_carabinero,0.0942861483265258,7.0,7_avión_auto_micro_chofer,0.0937399641370567,Juan Pablo López,2025,2020,7,7_avión_auto_micro_chofer,"Yo ando manejando así, bueno, mirando para todos lados, mirando, yo veo un auto, yo me meto en una autopista, sapeo, salgo en una autopista, miro. Yo veo un un ",0.0005461841894691122
3376,2,0.2997891186922904,15,15_fome_show_oh oh_dichato,0.2061949159051058,18.0,18_ciudad_temuco_emocionante_buenas noches,0.0935942027871846,Ernesto Belloni,2020,2020,15,15_fome_show_oh oh_dichato,"Esas son las... son las cuatro únicas palabras decentes que van a escuchar esta noche. Espérate, espérate, espérate un poquito. ¡Oh! Yo pensé que era el aplauso",0.1126007131179212
630,2,0.3645163055584201,8,8_amante_mujer_marido_matrimonio,0.2711520661776702,29.0,29_amiga_mira mira_amigas_tenés hacer,0.0933642393807499,Sarah Sanders,1998,1990,8,8_amante_mujer_marido_matrimonio,"Y ese señor que llega a casa y se encuentra a su mujer en la cama con otro. Y dice: «Pero bueno, María, ¿qué haces?». Y le dice María al que estaba con ella: «¿",0.1777878267969203
2555,2,0.2440308448227436,7,7_avión_auto_micro_chofer,0.1506967066835693,14.0,14_loro_carabineros_cartero_carabinero,0.0933341381391743,Los Locos del Humor,2016,2010,7,7_avión_auto_micro_chofer,"Te imaginas el accidente, todos tenemos que bajarlo, weón, a ver el accidente ahí, un desfile de auto para allá. Y todos los weones con el chaleco amarillo va a",0.057362568544395004
2239,2,0.227235867159424,25,25_agua_pez_pueblo_nadar,0.133948340125935,21.0,21_pam_pam pam_luna_tenis,0.093287527033489,Arturo Ruiz-Tagle,2015,2010,25,25_agua_pez_pueblo_nadar,"Yo el año pasado hice clases en una universidad, cabros que quieren estudiar teatro. Huevada de ellos, yo a la clase nomás. Llegó un cabro y un cabro con una un",0.04066081309244601
2756,2,0.38345227073107463,8,8_amante_mujer_marido_matrimonio,0.2903672467586446,29.0,29_amiga_mira mira_amigas_tenés hacer,0.09308502397243,"Carlos ""El Mono"" Sánchez",2017,2010,8,8_amante_mujer_marido_matrimonio,"El que tiene amante... Miren el silencio que acabo de lograr. Quedan las señoras así y el marido: «Es chiste, es chiste». El que tiene amante, señoras, no lleva",0.1972822227862146
2173,2,0.2185147092683303,24,24_plata_bolsa_crédito_chino,0.1254451552035026,26.0,26_pesos_banco_lucas_crisis,0.0930695540648277,León Murillo,2015,2010,3,3_presidente_checho_piñera_chile,Y esto se lo digo para que me vayan conociendo porque yo asumo mi condición de desconocido. Y es lógico porque yo toda mi carrera la he desarrollado en bares. L,0.03237560113867491
2208,2,0.210298094225464,8,8_amante_mujer_marido_matrimonio,0.1175135828265827,29.0,29_amiga_mira mira_amigas_tenés hacer,0.0927845113988813,León Murillo,2015,2010,8,8_amante_mujer_marido_matrimonio,"En fin, Estas parejas se dejan de hablar, una semana sin hablarse, después de una semana sin hablarse, yo creo que ya te lo haya escrito todo, po huevón. Despué",0.024729071427701393
2003,2,0.2384027659308604,5,5_mujeres_hombres_mujer_hombre,0.1457782003111568,29.0,29_amiga_mira mira_amigas_tenés hacer,0.0926245656197036,Jorge Alís,2014,2010,5,5_mujeres_hombres_mujer_hombre,"¿Dónde mierda estaba? El hombre no mira los culos, mujeres. Los culos nos miran a nosotros. verdad. Es como... es como que tengo un enano adentro. Pasa una mina",0.05315363469145319
1285,2,0.2066364216307742,21,21_pam_pam pam_luna_tenis,0.1141622417093358,25.0,25_agua_pez_pueblo_nadar,0.0924741799214384,Ruperto,2006,2000,20,20_farmacia_viagra_viejito_cajas,"«¿Usted también trabaja?» «No, no la creo, no. ¿Trabaja ahí arriba?» «No, ¿usted trabaja arriba? No, me está mintiendo.» «Y cuando me caigo está abajo abajo.»",0.021688061787897395
557,2,0.2084112716960636,8,8_amante_mujer_marido_matrimonio,0.1159785277143304,29.0,29_amiga_mira mira_amigas_tenés hacer,0.0924327439817332,Pancho del Sur,1997,1990,11,11_jorge_cama_dormir_pa,"Súper gorreado, en serio, si a veces tiene que disfrazarse de vecino para acostarse con la señora.",0.023545783732597192
1065,2,0.20602126609220062,14,14_loro_carabineros_cartero_carabinero,0.113651041921453,26.0,26_pesos_banco_lucas_crisis,0.0923702241707476,Palta Meléndez,2004,2000,14,14_loro_carabineros_cartero_carabinero,"Bueno, nos vamos a reír de otra cosa. Fíjese que hoy día con porque años atrás nosotros teníamos cinco canales de televisión o cuatro, hoy día tenemos más de 90",0.021280817750705408
3790,2,0.2986990551673499,29,29_amiga_mira mira_amigas_tenés hacer,0.2068508464964102,8.0,8_amante_mujer_marido_matrimonio,0.0918482086709397,Alison Mandel,2024,2020,29,29_amiga_mira mira_amigas_tenés hacer,"Es que sabes que yo de verdad no entiendo por qué uno a veces como que no calza con la suegra porque yo calzo como con las mujeres, las mujeres somos buenas ami",0.1150026378254705
2163,2,0.3265195609989211,24,24_plata_bolsa_crédito_chino,0.2360407125371503,26.0,26_pesos_banco_lucas_crisis,0.0904788484617708,Huaso Filomeno,2015,2010,24,24_plata_bolsa_crédito_chino,"Le voy a pagar con la misma moneda. Le voy a pagar con la misma moneda, está condenada. Pero así como ando vestido, no me va a comer ni el ácido, huevón, dije y",0.14556186407537952
648,2,0.367143107243202,26,26_pesos_banco_lucas_crisis,0.2769815957338005,24.0,24_plata_bolsa_crédito_chino,0.0901615115094015,Gloria Benavides,1998,1990,26,26_pesos_banco_lucas_crisis,"Soñar no cuesta nada. Maestro, ¿verdad que soñar no cuesta nada? ¿Qué más quisiera yo que tener este cucu? Pero desgraciadamente el cucu no es mío. Lo tuve que ",0.186820084224399
3866,2,0.2782938224577956,19,19_colegio_profe_profesor_profesora,0.1881535004156512,23.0,23_tac_tac tac_hijos_papá,0.0901403220421444,Luis Slimming,2024,2020,4,4_abuela_vieja_abuelita_suegra,"A propósito de las caries que estábamos hablando, ¿le han cachado cuando van al dentista y se tienen que tomar como una radiografía mandibular? Y lo sientan com",0.09801317837350682
2006,2,0.2603121527178924,29,29_amiga_mira mira_amigas_tenés hacer,0.170486280183418,8.0,8_amante_mujer_marido_matrimonio,0.0898258725344744,Jorge Alís,2014,2010,11,11_jorge_cama_dormir_pa,"Digo: 'No peleemos, mi amor, no peleemos. Por favor, pongamos música, poesía, nos comemos una tablita de queso'. 'No, que el queso me tranca'. Digo: 'Te estoy h",0.0806604076489436
1105,2,0.206630331847465,30,30_maestro_foto_llené_comentar,0.1170756361473494,21.0,21_pam_pam pam_luna_tenis,0.0895546957001156,Hugo Varela,2005,2000,21,21_pam_pam pam_luna_tenis,Yo voy a intentar hacer sonar esto; para que suene hay que introducirle esta especie de pituto que hay que meterlo en un agujerito que tiene en la parte de atrá,0.0275209404472338
405,2,0.3333538014186356,26,26_pesos_banco_lucas_crisis,0.2444826934275163,24.0,24_plata_bolsa_crédito_chino,0.0888711079911193,Dino Gordillo,1996,1990,26,26_pesos_banco_lucas_crisis,"Hay cosas, anécdotas... cuenta la historia de que llegó una un fax, porque ahora llegan fax... antes de llegar el telegrama o un tarado en bicicleta que te lleg",0.155611585436397
4017,2,0.18069033925481098,6,6_hijos_guagua_hija_mamá,0.0920631590575428,23.0,23_tac_tac tac_hijos_papá,0.0886271801972682,"Daniela ""Chiqui"" Aguayo",2025,2020,6,6_hijos_guagua_hija_mamá,"Y de repente se acercó una mamá simpática, la mamá, porque me dijo, ""No llore, mamita. No llore, mamita, si el primero duele, el tercero va tan la raja lo tira ",0.003435978860274594
2474,2,0.1842710343084295,5,5_mujeres_hombres_mujer_hombre,0.0956512621268369,29.0,29_amiga_mira mira_amigas_tenés hacer,0.0886197721815926,Natalia Valdebenito,2016,2010,0,0_perro_perrito_mono_gallo,"Ustedes deben pensar que yo odio a los hombres. La verdad, no, me gustan todos... o sea, no todos. Porque francamente hay alguno que, la verdad, hay que tener e",0.007031489945244301
757,2,0.1884524619657627,21,21_pam_pam pam_luna_tenis,0.0999392416232012,30.0,30_maestro_foto_llené_comentar,0.0885132203425615,Melón y Melame,1999,1990,1,1_canción_pegado_música_luis,"Mira, él le hace una canción a la casita. Ya. Y el sello después en el casete pone: «Prohibida la reproducción».",0.0114260212806397
2151,2,0.2571238731328527,24,24_plata_bolsa_crédito_chino,0.1687567616515569,26.0,26_pesos_banco_lucas_crisis,0.0883671114812958,Huaso Filomeno,2015,2010,24,24_plata_bolsa_crédito_chino,"Bueno, pero donde la remató me dijo, para ir no me dice: «Puta, no encuentro pega. ¿Qué puedo hacer?». Ya le dije: «Yo voy a mover unos hilos, unos contactos. T",0.0803896501702611
518,2,0.2378104873286933,8,8_amante_mujer_marido_matrimonio,0.1494914041406092,29.0,29_amiga_mira mira_amigas_tenés hacer,0.0883190831880841,Dino Gordillo,1997,1990,8,8_amante_mujer_marido_matrimonio,"Como ese otro que llegó. Así la mujer ya no aguantaba más. Fue al psicólogo, porque hoy en día van al psicólogo cuando tienen problemas y te iban a rezar. Hoy e",0.06117232095252512
3858,2,0.26732894580121513,8,8_amante_mujer_marido_matrimonio,0.1790372505964795,29.0,29_amiga_mira mira_amigas_tenés hacer,0.0882916952047356,Luis Slimming,2024,2020,3,3_presidente_checho_piñera_chile,"Y el Boris soltero, ¿qué me va a decir de eso? ¿Ah? Oye, esta cuestión la predije el año pasado. Mira, mucha que no le gusta que esté soltero, parece. Oye, yo e",0.0907455553917439
2814,2,0.2854502521646478,6,6_hijos_guagua_hija_mamá,0.1972418171499518,23.0,23_tac_tac tac_hijos_papá,0.088208435014696,"Juan Luis ""Jajá"" Calderón",2017,2010,6,6_hijos_guagua_hija_mamá,"Cuando tenía 11 años, mi señora me dijo: «Mira, Juan Luis, nuestra hija entra en una edad difícil y me parece que sería bueno que hablaras con ella de sexo». Le",0.10903338213525579
2848,2,0.25796585073415657,23,23_tac_tac tac_hijos_papá,0.1700407602343656,6.0,6_hijos_guagua_hija_mamá,0.087925090499791,"Juan Luis ""Jajá"" Calderón",2017,2010,6,6_hijos_guagua_hija_mamá,"Mi madre siempre dijo: «La gran herencia que le voy a dejar a mis hijos es la educación». Por eso yo repetí tres veces el segundo medio, quería aprovechar bien ",0.0821156697345746
1241,2,0.1822196249763654,21,21_pam_pam pam_luna_tenis,0.0943944259080641,30.0,30_maestro_foto_llené_comentar,0.0878251990683013,Coco Legrand,2006,2000,21,21_pam_pam pam_luna_tenis,"Nosotros estamos construidos siempre para tener rabia, ellas están construidas y hechas siempre para sentir pena. Figúrate que si yo hubiese tenido que pedir un",0.006569226839762798
29,2,0.1771940925156662,29,29_amiga_mira mira_amigas_tenés hacer,0.089431761647313,8.0,8_amante_mujer_marido_matrimonio,0.0877623308683532,Hugo Goodman,1974,1970,16,16_cielo_pi_san pedro_pérez,"Acá tenemos el... oye, ¿seguís bueno para el que te dije? ¿Ah? El otro día estaba tan borracho en una esquina, estaba cocido. Diciéndole piropos a todas las muj",0.001669430778959799
122,2,0.18730160246244182,24,24_plata_bolsa_crédito_chino,0.0996020614169459,26.0,26_pesos_banco_lucas_crisis,0.0876995410454959,Pujillay,1990,1990,26,26_pesos_banco_lucas_crisis,"Llega la ventanilla, diga no más, señor, ¿cuánto vale una carta para Concepción? 15 pesos, señor. 15 pesos, 15 pesos, 15 * 2 30 3 * 4 12 y dos cartas 30 pesos, ",0.011902520371449996
3619,2,0.221229487515876,29,29_amiga_mira mira_amigas_tenés hacer,0.133606141929284,8.0,8_amante_mujer_marido_matrimonio,0.087623345586592,Pamela Leiva,2023,2020,8,8_amante_mujer_marido_matrimonio,"Pero también me di cuenta que yo también puse falsa expectativa en esa cirugía, porque claro, mi vida mejoró y mi salud mejoró mucho, pero yo pensaba ilusamente",0.04598279634269199
2684,2,0.3056037695006622,29,29_amiga_mira mira_amigas_tenés hacer,0.2181869152734533,8.0,8_amante_mujer_marido_matrimonio,0.0874168542272089,"Daniela ""Chiqui"" Aguayo",2017,2010,11,11_jorge_cama_dormir_pa,"Miren, igual yo les voy a contar que a mí cuando un hombre me invita a salir, a mí la inteligencia se me traslada a otras zonas del cuerpo y no sé, empiezo a to",0.1307700610462444
3188,2,0.19872909855134252,8,8_amante_mujer_marido_matrimonio,0.1114015938263983,29.0,29_amiga_mira mira_amigas_tenés hacer,0.0873275047249442,Alejandra Azcárate,2018,2010,8,8_amante_mujer_marido_matrimonio,"Ahora toca con total romanticismo y ternura sin rosas, sin fresas, sin velas y sin champaña. entrarlo a él. Caído, doblado de la borrachera que no se puede tene",0.024074089101454102
237,2,0.2111778383822785,8,8_amante_mujer_marido_matrimonio,0.1240361829609609,29.0,29_amiga_mira mira_amigas_tenés hacer,0.0871416554213176,Lucho Navarro,1992,1990,8,8_amante_mujer_marido_matrimonio,"Ahora las mujeres miren cómo cambian cuando se casan también. Cuando están pololeando, cuando están de novia, en la noche escondidas del papá y la mamá se van a",0.0368945275396433
2264,2,0.20099381608979722,31,31_niño_cabro chico_cabro_chico,0.1139905998876205,23.0,23_tac_tac tac_hijos_papá,0.0870032162021767,Arturo Ruiz-Tagle,2015,2010,14,14_loro_carabineros_cartero_carabinero,"Sí, yo tengo mío. Yo también, pues, huevón. El problema de la delincuencia es un problema mundial, un problema que se basa en la desigualdad social que de los c",0.026987383685443803
457,2,0.1831477008511126,21,21_pam_pam pam_luna_tenis,0.0963710048270913,30.0,30_maestro_foto_llené_comentar,0.0867766960240213,Dinamita Show,1996,1990,21,21_pam_pam pam_luna_tenis,"No, pasa con un millonario de esos apretados, que no le dan plata nadie, que ande enojado con toda la gente, hasta con ellos mismos, ¿vale? Pasa enojado, bien e",0.009594308803069995
3314,2,0.1851652224136249,30,30_maestro_foto_llené_comentar,0.0984013678541984,21.0,21_pam_pam pam_luna_tenis,0.0867638545594265,Mauricio Palma,2019,2010,21,21_pam_pam pam_luna_tenis,"No, de verdad, bueno, para algunas cosas son creativos porque para subsistir, ay, que me cuesta. ¿Hay qué me acuesta? A las nalgas deme un bono, deme un bono. S",0.01163751329477189
4066,2,0.2447653838319764,8,8_amante_mujer_marido_matrimonio,0.1580185274377028,29.0,29_amiga_mira mira_amigas_tenés hacer,0.0867468563942736,Edo Caroe,2025,2020,6,6_hijos_guagua_hija_mamá,"Así como ya, como para molestarnos, simplemente para molestarnos. Lo difícil de tanto tiempo en pareja también es, eh, mantener la sexualidad. Sí. Eh, yo estoy ",0.07127167104342921
1291,2,0.2058093026367377,21,21_pam_pam pam_luna_tenis,0.1192338858897518,30.0,30_maestro_foto_llené_comentar,0.0865754167469859,Ruperto,2006,2000,15,15_fome_show_oh oh_dichato,"«Mira, lo voy a hacer con una condición.» «Ya.» «Si yo me caigo y me mato, no, yo no respondo.» «Bueno, ya, yo tampoco respondo, ¿ah?»",0.03265846914276589
21,2,0.19746741418774122,8,8_amante_mujer_marido_matrimonio,0.1109179354836855,29.0,29_amiga_mira mira_amigas_tenés hacer,0.0865494787040557,Hugo Goodman,1974,1970,1,1_canción_pegado_música_luis,"Bueno, este les quería decir, les quería decir, hoy estaba leyendo el periódico, estaba leyendo que Elizabeth Taylor nuevamente se divorcia. ¡Qué chinguelhuecho",0.024368456779629802
505,2,0.1814393529141028,19,19_colegio_profe_profesor_profesora,0.0950143033901015,23.0,23_tac_tac tac_hijos_papá,0.0864250495240013,Dino Gordillo,1997,1990,19,19_colegio_profe_profesor_profesora,"Digo esto yo y claro, los chicos han cambiado, ¿eh? El otro día fui con mi hijo a inscribirlo porque ahora viene la después la vacación la época del martirio de",0.008589253866100197
3340,2,0.180361149741325,29,29_amiga_mira mira_amigas_tenés hacer,0.0939569093158876,8.0,8_amante_mujer_marido_matrimonio,0.0864042404254374,Javiera Contador,2020,2020,29,29_amiga_mira mira_amigas_tenés hacer,"O sea De hecho, de mi mi grupo de mi grupo amiga, a dos nomás nos coincide. A mí me coincide Diego y a ella le coincide Vicente, pero pero le coincide el hombre",0.007552668890450198
4190,2,0.1976576712308833,15,15_fome_show_oh oh_dichato,0.1112629592374318,18.0,18_ciudad_temuco_emocionante_buenas noches,0.0863947119934515,Pedro Ruminot,2025,2020,2,2_chileno_chile_chilenos_argentino,"Que vuelva la fila de antes. Uno se mete a comprar una entrada, se mete a un recital y quedas en el lugar 538.628. Y como somos, decimos: «No, yo creo que voy a",0.024868247243980304
158,2,0.1953211157298333,7,7_avión_auto_micro_chofer,0.1089897545035008,14.0,14_loro_carabineros_cartero_carabinero,0.0863313612263325,Palta Meléndez,1991,1990,7,7_avión_auto_micro_chofer,"Se mete por esas calles San Isidro, Santa Rosa, ahí en Santiago, donde hay calles en los hoyos. Llega la avenida Mata, donde está el Parque Ojigi, en Fantasilan",0.0226583932771683
771,2,0.28386191902927793,24,24_plata_bolsa_crédito_chino,0.1975405098296589,26.0,26_pesos_banco_lucas_crisis,0.086321409199619,Álvaro Salas,2000,2000,24,24_plata_bolsa_crédito_chino,"Oye, que ganaba poco, ahora se acabó cuenta. ¿Cómo vivía en esa época? Con todo el respeto le decíamos el sueldo mensual, en serio, fíjese. Nos llega una al mes",0.1112191006300399
781,2,0.176427503836183,26,26_pesos_banco_lucas_crisis,0.0904373599853025,14.0,14_loro_carabineros_cartero_carabinero,0.0859901438508805,Álvaro Salas,2000,2000,14,14_loro_carabineros_cartero_carabinero,"un empleado que por descuido dejó olvidado un frasco de Viagra sobre el computador, al otro día se encontró con el disco duro.",0.004447216134422005
3777,2,0.20208129468021402,8,8_amante_mujer_marido_matrimonio,0.116480159847182,29.0,29_amiga_mira mira_amigas_tenés hacer,0.085601134833032,Fabrizio Copano,2023,2020,3,3_presidente_checho_piñera_chile,"Amigos míos, yo le recomiendo a las parejas que estén peleadas, pegarle a un tercer huevón. Te une de una manera, es tan bonito. Y a nosotros nos unió mucho por",0.030879025014150005
3187,2,0.4304929592401593,8,8_amante_mujer_marido_matrimonio,0.3449340330217868,29.0,29_amiga_mira mira_amigas_tenés hacer,0.0855589262183725,Alejandra Azcárate,2018,2010,8,8_amante_mujer_marido_matrimonio,"Y sale uno de ahí directamente a enfrentarse a la magia de la noche de bodas, que ya no es como las de antes. Antes entraban a la mujer con un vestido muy pompo",0.25937510680341436
151,2,0.2704527620391919,7,7_avión_auto_micro_chofer,0.1849795938153695,14.0,14_loro_carabineros_cartero_carabinero,0.0854731682238224,Palta Meléndez,1991,1990,7,7_avión_auto_micro_chofer,"Dirigiendo el tránsito entre luchando entre los estudiantes, entre los micreros, los peatones, por suerte los estudiantes en esta época están de vacaciones, por",0.0995064255915471
2799,2,0.2047286527388153,8,8_amante_mujer_marido_matrimonio,0.1194420687343491,29.0,29_amiga_mira mira_amigas_tenés hacer,0.0852865840044662,"Carlos ""El Mono"" Sánchez",2017,2010,8,8_amante_mujer_marido_matrimonio,"Es lo más bello que puede existir, el matrimonio. La luna de miel es ese momento lindo, sublime, donde se rompe todo. Entra uno con ella así cargada cuando toda",0.03415548472988289
3892,2,0.2621791322453406,6,6_hijos_guagua_hija_mamá,0.177150001397118,23.0,23_tac_tac tac_hijos_papá,0.0850291308482226,Lucho Miranda,2024,2020,6,6_hijos_guagua_hija_mamá,"En mi cuña, yo vivía con mi mamá, mi papá, ellos siempre me me cuidaron mucho, fueron muy sorrodedores y se entiende igual, yo tengo para dar y cerebral práctic",0.09212087054889541
75,2,0.1701308803158153,23,23_tac_tac tac_hijos_papá,0.0854096597702943,31.0,31_niño_cabro chico_cabro_chico,0.084721220545521,Jorge Romero,1979,1970,10,10_salta salta_salta_bailar_baile,Y voy a aprovechar de rendirle personalmente mi menaje al maestro Lázaro Sabedra. La llamé chiquitita porque como él es bajito. Entonces: «¡Que se pare! ¡Que se,0.0006884392247732962
3045,2,0.1775905365794589,8,8_amante_mujer_marido_matrimonio,0.0929280869619879,29.0,29_amiga_mira mira_amigas_tenés hacer,0.084662449617471,Jenny Cavallo,2018,2010,29,29_amiga_mira mira_amigas_tenés hacer,"Otra cosa que me pasó cuando estaba embarazada, amigas y amigos, es que andaba andaba como fogosa. No sé, por la hormona y como que uno anda así como toda redon",0.008265637344516893
2215,2,0.1928638221360753,8,8_amante_mujer_marido_matrimonio,0.1085268197530943,29.0,29_amiga_mira mira_amigas_tenés hacer,0.084337002382981,Arturo Ruiz-Tagle,2015,2010,8,8_amante_mujer_marido_matrimonio,"«Murió en el acto sexual», mentira, mueren cuando despiertan y se encuentran.",0.024189817370113303
898,2,0.2026737231660484,29,29_amiga_mira mira_amigas_tenés hacer,0.1183516020373022,8.0,8_amante_mujer_marido_matrimonio,0.0843221211287462,Dino Gordillo,2000,2000,11,11_jorge_cama_dormir_pa,"Porque el chileno tiene esa cosa tierna. Ahora mismo el tipo se queda bien bueno para la balanza, tenía una vecina superfea y salía y esperaba que saliera la vi",0.03402948090855601
4144,2,0.2112615085445036,29,29_amiga_mira mira_amigas_tenés hacer,0.1269645787512167,5.0,5_mujeres_hombres_mujer_hombre,0.0842969297932869,Juan Pablo López,2025,2020,2,2_chileno_chile_chilenos_argentino,"Estoy de acuerdo con el deporte y la alimentación saludable, sin embargo me caen mal los weones que trotan. Me caen mal los que trotan. Sé que este país se está",0.042667648957929794
3775,2,0.2661727684486529,21,21_pam_pam pam_luna_tenis,0.1822691088338164,25.0,25_agua_pez_pueblo_nadar,0.0839036596148365,Fabrizio Copano,2023,2020,21,21_pam_pam pam_luna_tenis,"Entonces, ya estábamos discutiendo en este baño y de repente llegó el dueño de casa. Y dice: «Oye, ya pues huevón, salgan del baño, pues, huevón». ¿Cachái? Con ",0.09836544921897988
317,2,0.1758211668850551,21,21_pam_pam pam_luna_tenis,0.092054858132858,30.0,30_maestro_foto_llené_comentar,0.0837663087521971,"Jorge ""Chino"" Navarrete",1994,1990,2,2_chileno_chile_chilenos_argentino,"Oye, y estamos haciendo acá en Santiago en esta época de la colonia las casas supergrandes, supergrandes, inclusive la vuelta tiene una S y una G, ¿verdad? Supe",0.008288549380660912
401,2,0.17284185993145168,18,18_ciudad_temuco_emocionante_buenas noches,0.0891773996887956,15.0,15_fome_show_oh oh_dichato,0.0836644602426561,El Pampero,1995,1990,20,20_farmacia_viagra_viejito_cajas,"Era la fiesta de Antamua. Después le toca al oso y el oso dice, «De que listo, ya.» Y llega allá y empieza, «De que me da un bebé, bebé, bebé, bebé, bebé.» De q",0.005512939446139495
3807,2,0.2782484542210093,23,23_tac_tac tac_hijos_papá,0.1945960229690671,31.0,31_niño_cabro chico_cabro_chico,0.0836524312519422,Alison Mandel,2024,2020,23,23_tac_tac tac_hijos_papá,"Bueno, yo vivo con cuatro hombres, nos cuesta mucho a nosotros salir como familia y la otra vez salimos ¿no? Y mira, ya habíamos lo habíamos pasado bien, era de",0.11094359171712491
1967,2,0.244763163161726,24,24_plata_bolsa_crédito_chino,0.161329546318075,26.0,26_pesos_banco_lucas_crisis,0.083433616843651,Jorge Alís,2014,2010,26,26_pesos_banco_lucas_crisis,"Ustedes no entregan esos cuatro... Dona los 4 pesos a la fundación «Abuelito, dime tú». Y uno por culpa dice, «Sí, dale, 4 pesos de mierda». Pero 4 pesos por 20",0.077895929474424
1989,2,0.2251161224372955,5,5_mujeres_hombres_mujer_hombre,0.1417753725743124,29.0,29_amiga_mira mira_amigas_tenés hacer,0.0833407498629831,Jorge Alís,2014,2010,5,5_mujeres_hombres_mujer_hombre,Las minas cambiaron mucho. No servimos para nada los hombres. Las minas cambiaron mucho. Las mujeres de antes ni hablaban. ¿Ustedes se piensan que la mina de Cr,0.05843462271132932
70,2,0.2596598222230802,5,5_mujeres_hombres_mujer_hombre,0.1763196734104599,29.0,29_amiga_mira mira_amigas_tenés hacer,0.0833401488126203,Carlos Helo,1979,1970,5,5_mujeres_hombres_mujer_hombre,"Decía que el párroco de los artistas, el capellán, no es igual que el capellán del ejército, porque el capellán del ejército es diferente; pero sabían en un ent",0.0929795245978396
2492,2,0.24952986146018957,29,29_amiga_mira mira_amigas_tenés hacer,0.1662119935188215,8.0,8_amante_mujer_marido_matrimonio,0.0833178679413681,Pedro Ruminot,2016,2010,5,5_mujeres_hombres_mujer_hombre,"Porque la verdad es que superser, es fácil ser fiel cuando uno es feo, es fácil. Si nadie te pesca, pues no hay ningún mérito, pues es como ser flaco en África,",0.08289412557745339
2965,2,0.1849149130463332,21,21_pam_pam pam_luna_tenis,0.101627786804871,30.0,30_maestro_foto_llené_comentar,0.0832871262414622,Fabrizio Copano,2017,2010,1,1_canción_pegado_música_luis,"Ahora, quiero darles un consejo: nunca alcen la mano en esa canción porque esa canción fue creada por carabineros para detectar a los consumidores. Se llevan pr",0.0183406605634088
233,2,0.2037141967867032,8,8_amante_mujer_marido_matrimonio,0.1204630164152145,29.0,29_amiga_mira mira_amigas_tenés hacer,0.0832511803714887,Lucho Navarro,1992,1990,8,8_amante_mujer_marido_matrimonio,"El tren francés es una es una pareja de recién casados que se casa la antigua, o sea, su primera noche va a ser su primera vez. Arcaico, eh, existía, ¿no? Bueno",0.0372118360437258
1610,2,0.1870862488351409,15,15_fome_show_oh oh_dichato,0.1039660532264774,18.0,18_ciudad_temuco_emocionante_buenas noches,0.0831201956086635,Dino Gordillo,2011,2010,7,7_avión_auto_micro_chofer,"Ay, un mortal lindo. Oye, ahora que los veo así amontonados, me acuerdo tiempo atrás se hizo un evento en el Estadio Nacional en Santiago y el artista no llegab",0.020845857617813893
602,2,0.2232691233210926,7,7_avión_auto_micro_chofer,0.1402148442286805,14.0,14_loro_carabineros_cartero_carabinero,0.0830542790924121,Óscar Gangas,1998,1990,7,7_avión_auto_micro_chofer,"Y cuando hablamos de esta cosa del humor, la gente quiere saber qué hay de actualidad. ¿Qué cosa hay de actualidad? Venía por la carretera yo, a estas carretera",0.057160565136268396
897,2,0.28712859107545896,14,14_loro_carabineros_cartero_carabinero,0.2042243612574439,26.0,26_pesos_banco_lucas_crisis,0.0829042298180151,Dino Gordillo,2000,2000,14,14_loro_carabineros_cartero_carabinero,"Chiste tierno. Como el tipo ese que era su sueño era cazar un oso, ¿ah? Juntó plata, se compró ametralladora, granada, bomba, todo. Y partió con un guía a cazar",0.1213201314394288
2320,2,0.16676333674830313,21,21_pam_pam pam_luna_tenis,0.0838936892754023,30.0,30_maestro_foto_llené_comentar,0.0828696474729008,Edo Caroe,2016,2010,21,21_pam_pam pam_luna_tenis,"Eh, sí. Y ojo con las pifias porque estos tipos son capaces de ponerle un impuesto a la pifia y nos cagan de nuevo.",0.0010240418025014991
3876,2,0.2509540936871389,6,6_hijos_guagua_hija_mamá,0.1681390843252554,23.0,23_tac_tac tac_hijos_papá,0.0828150093618835,Luis Slimming,2024,2020,6,6_hijos_guagua_hija_mamá,"Amiga y amigos, ¿a qué edad es una buena edad para hablar de sexo con los niños? Con los niños de uno sí, pues no te vayas a poner a hablar de sexo con niños en",0.0853240749633719
974,2,0.1814756769302996,29,29_amiga_mira mira_amigas_tenés hacer,0.0988269512907231,8.0,8_amante_mujer_marido_matrimonio,0.0826487256395765,Arturo Ruiz-Tagle,2002,2000,8,8_amante_mujer_marido_matrimonio,Y una vez estuve enamorado. Fui feliz. Tuve una mujer con la cual teníamos los mismos gustos. Me dejó por lo mismo. Le gustaba a las mujeres.,0.0161782256511466
3747,2,0.170086726899459,16,16_cielo_pi_san pedro_pérez,0.0874935476035562,13.0,13_almas_tele_casting_martín,0.0825931792959028,Fabrizio Copano,2023,2020,1,1_canción_pegado_música_luis,"¿Es es Repe o es nepe? Siempre me equivoco. Como que lo digo, eh... las las dos sirven, las dos sirven. ¿Sabés qué? Es gracioso porque todos estos días he estad",0.004900368307653391
2452,2,0.1672766065134286,29,29_amiga_mira mira_amigas_tenés hacer,0.0847538482347105,8.0,8_amante_mujer_marido_matrimonio,0.0825227582787181,Natalia Valdebenito,2016,2010,5,5_mujeres_hombres_mujer_hombre,"Y resulta que las peleas son distintas. Por ejemplo, pelea entre hombres, pura amenaza: «Eh, ¿qué, huevón? Ven para acá, y luego saca la chucha», y uno al lado ",0.002231089955992388
3834,2,0.39448485397714284,19,19_colegio_profe_profesor_profesora,0.311967878228028,23.0,23_tac_tac tac_hijos_papá,0.0825169757491148,Luis Slimming,2024,2020,19,19_colegio_profe_profesor_profesora,"No, y antes de ser guionista fui profe. Sí, ¿hay profe esta noche? ¿Dónde están los profes que entran a trabajar en 2 días? ¿Dónde están los profes de matemátic",0.2294509024789132
716,2,0.1946129940849847,6,6_hijos_guagua_hija_mamá,0.1121573458788103,23.0,23_tac_tac tac_hijos_papá,0.0824556482061744,Sandy,1999,1990,6,6_hijos_guagua_hija_mamá,"La señorita galleguita le dijo a la madre: «Mamá, estoy embarazada». «Hija, ¿estás segura que es tuyo?».",0.02970169767263589
1602,2,0.16672188505318009,31,31_niño_cabro chico_cabro_chico,0.084301073320847,23.0,23_tac_tac tac_hijos_papá,0.0824208117323331,Dino Gordillo,2011,2010,6,6_hijos_guagua_hija_mamá,"Porque así están los jóvenes hoy en día, porque los cabros mandan en la casa. ¿O algunos de los papás que están acá esta noche han comido en su casa lo que uste",0.0018802615885139123
33,2,0.1842951972397231,18,18_ciudad_temuco_emocionante_buenas noches,0.1019987254916048,15.0,15_fome_show_oh oh_dichato,0.0822964717481183,Hugo Goodman,1974,1970,21,21_pam_pam pam_luna_tenis,"Hablando de los Estados Unidos, me estaba acordando que el presidente Richard Nixon estuvo hace 2 años atrás allá en la China comunista. Eh, ahora lo quieren ma",0.019702253743486497
150,2,0.2230756203652472,7,7_avión_auto_micro_chofer,0.1407971157759708,14.0,14_loro_carabineros_cartero_carabinero,0.0822785045892764,Palta Meléndez,1991,1990,7,7_avión_auto_micro_chofer,"Oye, ese carabinero que está dirigiendo el tránsito está en la calle Ahumada, ¿cómo será el smog que la calle ya está ahumada?",0.058518611186694394
3449,2,0.2078133183105263,14,14_loro_carabineros_cartero_carabinero,0.1256207536028917,26.0,26_pesos_banco_lucas_crisis,0.0821925647076346,Fusión Humor,2020,2020,14,14_loro_carabineros_cartero_carabinero,"Oye, Cebolla, quiero que tú me cuentes qué estabas haciendo cuando ocurrió el estallido social. Andaba de compras. A ver, ¿cómo es eso? Me andaba comprando un p",0.04342818889525711
1171,2,0.27751132872586026,7,7_avión_auto_micro_chofer,0.1953879863801184,14.0,14_loro_carabineros_cartero_carabinero,0.0821233423457419,Paulo Iglesias,2005,2000,7,7_avión_auto_micro_chofer,"No, y hoy en día ustedes han visto que si los celulares son divertidos, quiero hablar del tránsito en nuestro país. El tránsito es un circo en nuestro país. Si ",0.1132646440343765
1233,2,0.1673518427607843,23,23_tac_tac tac_hijos_papá,0.0853248219156918,6.0,6_hijos_guagua_hija_mamá,0.0820270208450925,Coco Legrand,2006,2000,6,6_hijos_guagua_hija_mamá,"O tenías un hijo, huevón. Y yo cuento con los dos beneficios, fíjate. Bueno, nadie tiene la vida completa y me salió un hijo, huevón. Tres veces se ha cambiado ",0.0032978010705992933
1414,2,0.1655338584868986,5,5_mujeres_hombres_mujer_hombre,0.0835795100137132,27.0,27_espejo_hermana_bonita_ropa,0.0819543484731854,Palta Meléndez,2007,2000,27,27_espejo_hermana_bonita_ropa,Bajo mi gobierno como primer damo ninguna tendrá que someterse al suplicio de depilarse. Podrán dejarse crecer los cañones en la medida que no se tropiecen con ,0.001625161540527803
4067,2,0.2063561969560865,8,8_amante_mujer_marido_matrimonio,0.1249157447845224,29.0,29_amiga_mira mira_amigas_tenés hacer,0.0814404521715641,Edo Caroe,2025,2020,3,3_presidente_checho_piñera_chile,"Nosotros estamos en esa segunda etapa, estamos probando nuevas cosas. Nuevos juguetes, nuevas posiciones, nuevos sonidos. Sonidos que no necesariamente son gemi",0.043475292612958294
4059,2,0.21507288634170768,6,6_hijos_guagua_hija_mamá,0.1336392934727281,23.0,23_tac_tac tac_hijos_papá,0.0814335928689796,Edo Caroe,2025,2020,6,6_hijos_guagua_hija_mamá,"Principalmente no quiero tener más hijos porque es difícil. Es muy difícil. Por ejemplo, Fernanda, mi hija, cuando tenía 17 años, me quería contar muchas cosas ",0.0522057006037485
2312,2,0.1865555509697207,5,5_mujeres_hombres_mujer_hombre,0.1052311770621625,29.0,29_amiga_mira mira_amigas_tenés hacer,0.0813243739075582,Edo Caroe,2016,2010,8,8_amante_mujer_marido_matrimonio,"No. Lo que pasa que mi mujer es pésima manejando. Mi mujer maneja muy mal. Siempre nos llegan partes a la casa. Ayer, por ejemplo, nos llegó un brazo.",0.023906803154604306
3121,2,0.36048882566203255,8,8_amante_mujer_marido_matrimonio,0.2793715588172452,29.0,29_amiga_mira mira_amigas_tenés hacer,0.0811172668447874,Alison Mandel,2018,2010,8,8_amante_mujer_marido_matrimonio,"Y mi matrimonio es superbonito. ¿Sabéis que yo, de verdad, eh, nada que decir? Me acuerdo que cuando recién empezamos, ¿viste? Cuando uno recién empieza con su ",0.19825429197245778
4114,2,0.2138682844924904,7,7_avión_auto_micro_chofer,0.1328130848880815,14.0,14_loro_carabineros_cartero_carabinero,0.0810551996044089,Juan Pablo López,2025,2020,7,7_avión_auto_micro_chofer,"Me carga ir a cargar combustible y que sea autoservicio, loco. Me carga eso. Tenés que bajarte, bueno, arriesgando la vida. Pescar la manguera, enchufarla, auto",0.05175788528367259
3227,2,0.2263000680706711,30,30_maestro_foto_llené_comentar,0.1453136179610216,21.0,21_pam_pam pam_luna_tenis,0.0809864501096495,Felipe Avello,2019,2010,23,23_tac_tac tac_hijos_papá,"A mí me gusta meterme a Instagram porque puedo insultar a los famosos. ¿Hagamos eso? Pero con famosos famosos, yo insulto a los famosos. Al Dalai Lama. Sí, Dona",0.0643271678513721
428,2,0.1763315079720367,8,8_amante_mujer_marido_matrimonio,0.0953596613457702,29.0,29_amiga_mira mira_amigas_tenés hacer,0.0809718466262665,Los Indolatinos,1996,1990,11,11_jorge_cama_dormir_pa,"«La señora le dice al marido: «Jorge, tengo que decirte algo, pero no te vayas a enojar». «Dime no más, po». «El hijo que estoy esperando yo, no es tuyo, es del",0.014387814719503705
3824,2,0.19093252780580522,23,23_tac_tac tac_hijos_papá,0.1099744419500941,31.0,31_niño_cabro chico_cabro_chico,0.0809580858557111,Javiera Contador,2024,2020,6,6_hijos_guagua_hija_mamá,"Cuando paró, yo salí corriendo, salí corriendo, pero ahí caché la frase cuando dice cuando el alma se te va del cuerpo, porque yo salí corriendo, pero mi cuerpo",0.02901635609438301
1791,2,0.25069657833086056,8,8_amante_mujer_marido_matrimonio,0.1697454631110082,29.0,29_amiga_mira mira_amigas_tenés hacer,0.0809511152198524,Hermógenes Conache,2013,2010,8,8_amante_mujer_marido_matrimonio,"Yo soy casado varias veces, tengo más anillos que los Juegos Olímpicos. En serio.",0.08879434789115578
681,2,0.1764959508524777,26,26_pesos_banco_lucas_crisis,0.0957621936681947,14.0,14_loro_carabineros_cartero_carabinero,0.080733757184283,Los Indolatinos,1999,1990,14,14_loro_carabineros_cartero_carabinero,"Oye, conversando ese amigo y uno le dice al otro, ""No sabe tanto porque es la población."" Unos locos se robaron 5000 frascos de Viagra. No digáis, la policía lo",0.015028436483911708
3346,2,0.2073824334957754,8,8_amante_mujer_marido_matrimonio,0.1266751804151556,29.0,29_amiga_mira mira_amigas_tenés hacer,0.0807072530806198,Javiera Contador,2020,2020,5,5_mujeres_hombres_mujer_hombre,"Porque uno llega a sus límites, hay que estar. Y uno dice, ""Eso yo no lo voy a repetir de mi ama, mi ama no hacía eso con mi hermano."" Cuando peleábamos mucho, ",0.04596792733453581
613,2,0.16374549381590592,2,2_chileno_chile_chilenos_argentino,0.0831770012972613,18.0,18_ciudad_temuco_emocionante_buenas noches,0.0805684925186446,Sarah Sanders,1998,1990,2,2_chileno_chile_chilenos_argentino,"Hola, todos, buenas noches. Estoy encantada de estar en Chile de nuevo. Me encanta Chile; siempre que vengo a Chile me siento en confianza, porque ¿ustedes sabe",0.0026085087786166944
2544,2,0.23062299834448402,29,29_amiga_mira mira_amigas_tenés hacer,0.1500559582080708,5.0,5_mujeres_hombres_mujer_hombre,0.0805670401364132,Los Locos del Humor,2016,2010,23,23_tac_tac tac_hijos_papá,"Te digo al tiro, a mí me gustan las chicas. ¿Te gustan las chicas? Sí, porque las grandes me parten.",0.0694889180716576
2398,2,0.240149798938825,8,8_amante_mujer_marido_matrimonio,0.1597047041268353,29.0,29_amiga_mira mira_amigas_tenés hacer,0.0804450948119897,Rodrigo González,2016,2010,8,8_amante_mujer_marido_matrimonio,"Yo era muy feliz con mis amigos, carreteaba, chupaba, la pasaba bien, asado, fútbol, pero me di cuenta un día que no se puede ser feliz toda la vida. Me casé. M",0.07925960931484559
3116,2,0.3910066256905212,29,29_amiga_mira mira_amigas_tenés hacer,0.3105925512189765,8.0,8_amante_mujer_marido_matrimonio,0.0804140744715447,Alison Mandel,2018,2010,0,0_perro_perrito_mono_gallo,"Y estáis en eso cuando llega su mejor amigo, que es tu peor enemigo. Y te dice: «No, no, no seas así. Vos como soy, Alison, te lo querés llevar. No, vos no seas",0.2301784767474318
130,2,0.1626433930757471,16,16_cielo_pi_san pedro_pérez,0.0823260450594623,13.0,13_almas_tele_casting_martín,0.0803173480162848,Pujillay,1990,1990,7,7_avión_auto_micro_chofer,"El otro día se lanza un tipo en paracaídas y para que sea chiste obviamente no se le abre el paracaídas, va rajado para abajo a cualquier tipo como a 400 km/h y",0.002008697043177493
2757,2,0.17952466143133539,8,8_amante_mujer_marido_matrimonio,0.0993861418734383,29.0,29_amiga_mira mira_amigas_tenés hacer,0.0801385195578971,"Carlos ""El Mono"" Sánchez",2017,2010,8,8_amante_mujer_marido_matrimonio,"Por eso, señoras presentes, este secreto lo traigo con todo el gusto del mundo. Si quieren saber si su marido tiene amante, el secreto está en vestirlo. Vístalo",0.01924762231554121
2718,2,0.27773657190982204,5,5_mujeres_hombres_mujer_hombre,0.1976977612533271,29.0,29_amiga_mira mira_amigas_tenés hacer,0.0800388106564949,"Daniela ""Chiqui"" Aguayo",2017,2010,11,11_jorge_cama_dormir_pa,"Bueno, miren, yo efectivamente las mujeres maduramos antes, porque nosotras ¿hace cuánto dejamos de jugar a las Barbies? Hace rato. Por ejemplo, una no se va el",0.1176589505968322
2198,2,0.26596464043715684,5,5_mujeres_hombres_mujer_hombre,0.1859493414451809,29.0,29_amiga_mira mira_amigas_tenés hacer,0.0800152989919759,León Murillo,2015,2010,8,8_amante_mujer_marido_matrimonio,"Hasta En el lenguaje somos distintos, hombres y mujeres. Yo peleo siempre, discuto siempre con mi mujer, le digo, «Mi amor, gordita, ¿sabes qué? Me llamaron los",0.10593404245320501
3833,2,0.1659905523466732,15,15_fome_show_oh oh_dichato,0.0859788107183052,18.0,18_ciudad_temuco_emocionante_buenas noches,0.080011741628368,Luis Slimming,2024,2020,1,1_canción_pegado_música_luis,"No, oye, me presento mi nombre es Luis Esliming. Yo soy comediante y antes de ser comediante fui guionista. De hecho yo había venido ya acá a la Quinta Vergara ",0.005967069089937202
