year,topic_final,weighted_mass,year_mass,prevalence_pct,topic_name_final
1973,0,0.0526156307682555,0.9371598437239828,5.614371029725014,0_perro_perrito_mono_gallo
1973,1,0.4416289963541082,0.9371598437239828,47.124191173109956,1_canción_pegado_música_luis
1973,2,0.058779236271032,0.9371598437239828,6.272060915186201,2_chileno_chile_chilenos_argentino
1973,10,0.1069014220250948,0.9371598437239828,11.406957173954623,10_salta salta_salta_bailar_baile
1973,11,0.0403736468578305,0.9371598437239828,4.308085448625087,11_jorge_cama_dormir_pa
1973,15,0.129472143135347,0.9371598437239828,13.815374613242584,15_fome_show_oh oh_dichato
1973,16,0.1073887683123148,0.9371598437239828,11.458959646156531,16_cielo_pi_san pedro_pérez
1974,1,0.2235508971457657,7.874130001108823,2.839055198660495,1_canción_pegado_música_luis
1974,2,0.0289085372366684,7.874130001108823,0.3671330957527694,2_chileno_chile_chilenos_argentino
1974,6,0.0298035197030748,7.874130001108823,0.3784992081522392,6_hijos_guagua_hija_mamá
1974,10,0.0764888457089687,7.874130001108823,0.9713942454366089,10_salta salta_salta_bailar_baile
1974,11,0.0527653080370092,7.874130001108823,0.6701096886840688,11_jorge_cama_dormir_pa
1974,12,0.0811738678014177,7.874130001108823,1.0308931626730435,12_marihuana_jimmy_droga_vino
1974,13,1.0,7.874130001108823,12.699815723885452,13_almas_tele_casting_martín
1974,14,0.2571211629284339,7.874130001108823,3.265391387902238,14_loro_carabineros_cartero_carabinero
1974,15,2.0,7.874130001108823,25.399631447770904,15_fome_show_oh oh_dichato
1974,16,0.1120037095762802,7.874130001108823,1.4224264720103426,16_cielo_pi_san pedro_pérez
1974,18,0.0351278342837628,7.874130001108823,0.4461170221829732,18_ciudad_temuco_emocionante_buenas noches
1974,21,2.1019987254916046,7.874130001108823,26.694996465585458,21_pam_pam pam_luna_tenis
1974,23,0.5859898712483514,7.874130001108823,7.441963380917425,23_tac_tac tac_hijos_papá
1974,26,0.1400520693268315,7.874130001108823,1.77863547219959,26_pesos_banco_lucas_crisis
1974,27,0.1068898312864306,7.874130001108823,1.3574811600948744,27_espejo_hermana_bonita_ropa
1974,30,1.0,7.874130001108823,12.699815723885452,30_maestro_foto_llené_comentar
1974,31,0.0422558213342237,7.874130001108823,0.5366411442060685,31_niño_cabro chico_cabro_chico
1976,10,0.0519614724480401,0.0519614724480401,100.0,10_salta salta_salta_bailar_baile
1977,0,0.45250362420217605,2.794458241936884,16.192892683504137,0_perro_perrito_mono_gallo
1977,1,0.1244821866728035,2.794458241936884,4.454608940104358,1_canción_pegado_música_luis
1977,2,1.0278744138676994,2.794458241936884,36.78260059292434,2_chileno_chile_chilenos_argentino
1977,11,0.0807744627335298,2.794458241936884,2.890523161925788,11_jorge_cama_dormir_pa
1977,13,0.0461814685346485,2.794458241936884,1.6526090045503554,13_almas_tele_casting_martín
1977,21,1.0,2.794458241936884,35.78511158237541,21_pam_pam pam_luna_tenis
1977,26,0.0626420859260267,2.794458241936884,2.2416540346156135,26_pesos_banco_lucas_crisis
1978,1,0.1933740062159539,2.8022348679647875,6.900706590536359,1_canción_pegado_música_luis
1978,7,0.1843994280222972,2.8022348679647875,6.580441565778645,7_avión_auto_micro_chofer
1978,11,0.0305727439255556,2.8022348679647875,1.0910129009907021,11_jorge_cama_dormir_pa
1978,14,0.0927780770475505,2.8022348679647875,3.3108601319679365,14_loro_carabineros_cartero_carabinero
1978,15,0.1744683598410547,2.8022348679647875,6.226043428250106,15_fome_show_oh oh_dichato
1978,17,0.0437654520770234,2.8022348679647875,1.5618052782566885,17_celular_teléfono_momia_aló
1978,20,1.0,2.8022348679647875,35.685802479728686,20_farmacia_viagra_viejito_cajas
1978,28,1.0348203302414072,2.8022348679647875,36.928393907002466,28_terremoto_noticias_ta_grado
1978,29,0.0480564705939452,2.8022348679647875,1.7149337174884183,29_amiga_mira mira_amigas_tenés hacer
1979,0,0.1020186877974521,2.1587800898214033,4.725756378728328,0_perro_perrito_mono_gallo
1979,1,0.2810231963028994,2.1587800898214033,13.017685202300923,1_canción_pegado_música_luis
1979,5,0.1763196734104599,2.1587800898214033,8.167560662700335,5_mujeres_hombres_mujer_hombre
1979,6,0.0241873405830628,2.1587800898214033,1.1204170678201792,6_hijos_guagua_hija_mamá
1979,7,0.2076162531634902,2.1587800898214033,9.617295163245014,7_avión_auto_micro_chofer
1979,10,0.0854096597702943,2.1587800898214033,3.9563853758425327,10_salta salta_salta_bailar_baile
1979,13,0.0564920694303684,2.1587800898214033,2.616851512422556,13_almas_tele_casting_martín
1979,19,0.0820900114745035,2.1587800898214033,3.802611107150559,19_colegio_profe_profesor_profesora
1979,21,0.0438127165625178,2.1587800898214033,2.0295127219809794,21_pam_pam pam_luna_tenis
1979,26,1.029708210065301,2.1587800898214033,47.6986152929773,26_pesos_banco_lucas_crisis
1979,28,0.0701022712610541,2.1587800898214033,3.2473095148312994,28_terremoto_noticias_ta_grado
1980,7,0.087769559672127,0.111956868341043,78.39586884903156,7_avión_auto_micro_chofer
1980,17,0.024187308668916,0.111956868341043,21.604131150968445,17_celular_teléfono_momia_aló
1984,1,0.1280991158980615,0.24364381736144392,52.57638682783703,1_canción_pegado_música_luis
1984,2,0.0344683074886759,0.24364381736144392,14.14700683233115,2_chileno_chile_chilenos_argentino
1984,7,0.0474858722106343,0.24364381736144392,19.4898736708715,7_avión_auto_micro_chofer
1984,14,0.0335905217640722,0.24364381736144392,13.786732668960319,14_loro_carabineros_cartero_carabinero
1988,0,0.0554630558463993,4.97664826803448,1.1144660594690643,0_perro_perrito_mono_gallo
1988,4,0.5795161378563145,4.97664826803448,11.644707575148637,4_abuela_vieja_abuelita_suegra
1988,8,1.0,4.97664826803448,20.093845217535307,8_amante_mujer_marido_matrimonio
1988,12,0.1427144105318737,4.97664826803448,2.867681275539261,12_marihuana_jimmy_droga_vino
1988,20,2.0251187714043932,4.97664826803448,40.69242313972514,20_farmacia_viagra_viejito_cajas
1988,21,1.0,4.97664826803448,20.093845217535307,21_pam_pam pam_luna_tenis
1988,22,0.026586033131242,4.97664826803448,0.5342156346874423,22_doctor_médico_doctor doctor_hospital
1988,26,0.1472498592642575,4.97664826803448,2.958815880359847,26_pesos_banco_lucas_crisis
1989,1,0.6602379263443177,5.030715986336814,13.124134380424032,1_canción_pegado_música_luis
1989,2,0.0372386227192742,5.030715986336814,0.7402251055398981,2_chileno_chile_chilenos_argentino
1989,4,1.0,5.030715986336814,19.877886223669805,4_abuela_vieja_abuelita_suegra
1989,10,1.0,5.030715986336814,19.877886223669805,10_salta salta_salta_bailar_baile
1989,16,1.0,5.030715986336814,19.877886223669805,16_cielo_pi_san pedro_pérez
1989,21,1.0,5.030715986336814,19.877886223669805,21_pam_pam pam_luna_tenis
1989,25,0.3332394372732216,5.030715986336814,6.624095619356849,25_agua_pez_pueblo_nadar
1990,0,0.0510212071319392,8.247789101973378,0.6186046527272598,0_perro_perrito_mono_gallo
1990,1,0.0487112941405057,8.247789101973378,0.5905982019939254,1_canción_pegado_música_luis
1990,2,0.1459832100541466,8.247789101973378,1.7699677846905475,2_chileno_chile_chilenos_argentino
1990,3,0.0480969773897504,8.247789101973378,0.5831499423068741,3_presidente_checho_piñera_chile
1990,4,0.2736553128323925,8.247789101973378,3.3179232573601736,4_abuela_vieja_abuelita_suegra
1990,7,0.0823260450594623,8.247789101973378,0.9981589495270295,7_avión_auto_micro_chofer
1990,8,0.0347749010634208,8.247789101973378,0.4216269430931558,8_amante_mujer_marido_matrimonio
1990,9,0.28904424674221907,8.247789101973378,3.504505791413385,9_comida_comió_pan_olla
1990,10,1.0440194140931935,8.247789101973378,12.658173010793885,10_salta salta_salta_bailar_baile
1990,11,0.1335990715669389,8.247789101973378,1.619816776534378,11_jorge_cama_dormir_pa
1990,14,0.0953243722439806,8.247789101973378,1.1557566647912125,14_loro_carabineros_cartero_carabinero
1990,15,0.1336385484068297,8.247789101973378,1.6202954119529456,15_fome_show_oh oh_dichato
1990,18,0.2214880738790607,8.247789101973378,2.685423586134945,18_ciudad_temuco_emocionante_buenas noches
1990,19,0.0774298543317729,8.247789101973378,0.9387952743996196,19_colegio_profe_profesor_profesora
1990,20,1.273955160047282,8.247789101973378,15.446020070305552,20_farmacia_viagra_viejito_cajas
1990,22,0.0918463003704027,8.247789101973378,1.1135869168675447,22_doctor_médico_doctor doctor_hospital
1990,24,2.065359186555022,8.247789101973378,25.04136758371842,24_plata_bolsa_crédito_chino
1990,26,1.099602061416946,8.247789101973378,13.332082668722137,26_pesos_banco_lucas_crisis
1990,27,1.0,8.247789101973378,12.124461326984447,27_espejo_hermana_bonita_ropa
1990,31,0.0379138646481119,8.247789101973378,0.4596851856825555,31_niño_cabro chico_cabro_chico
1991,0,0.9151133747604824,23.367723305525345,3.916142633134063,0_perro_perrito_mono_gallo
1991,1,0.256077250647502,23.367723305525345,1.0958587933423194,1_canción_pegado_música_luis
1991,2,1.8266060730118776,23.367723305525345,7.816790917667075,2_chileno_chile_chilenos_argentino
1991,3,0.3416127660891049,23.367723305525345,1.4619000816751793,3_presidente_checho_piñera_chile
1991,4,0.3719058002316714,23.367723305525345,1.5915363057372969,4_abuela_vieja_abuelita_suegra
1991,5,0.0469478268572557,23.367723305525345,0.2009088615241982,5_mujeres_hombres_mujer_hombre
1991,6,0.0380063917129417,23.367723305525345,0.16264482087544666,6_hijos_guagua_hija_mamá
1991,7,2.318632147817787,23.367723305525345,9.922370774004936,7_avión_auto_micro_chofer
1991,8,0.1106034650203741,23.367723305525345,0.4733172486436524,8_amante_mujer_marido_matrimonio
1991,11,1.2695457536183474,23.367723305525345,5.4329030561490805,11_jorge_cama_dormir_pa
1991,12,0.0549016982426067,23.367723305525345,0.23494671485443802,12_marihuana_jimmy_droga_vino
1991,13,0.0523579686218587,23.367723305525345,0.22406106036645235,13_almas_tele_casting_martín
1991,14,2.0799715592427646,23.367723305525345,8.901044967230295,14_loro_carabineros_cartero_carabinero
1991,15,0.2916309569238519,23.367723305525345,1.2480075748538804,15_fome_show_oh oh_dichato
1991,16,2.1819475983949013,23.367723305525345,9.337441948736938,16_cielo_pi_san pedro_pérez
1991,17,0.0646859232986866,23.367723305525345,0.2768173965984589,17_celular_teléfono_momia_aló
1991,18,1.8957714807199735,23.367723305525345,8.112777851455107,18_ciudad_temuco_emocionante_buenas noches
1991,19,1.0,23.367723305525345,4.2794070561574475,19_colegio_profe_profesor_profesora
1991,20,0.0324949124257995,23.367723305525345,0.1390589575241847,20_farmacia_viagra_viejito_cajas
1991,21,1.0,23.367723305525345,4.2794070561574475,21_pam_pam pam_luna_tenis
1991,22,0.375117196707647,23.367723305525345,1.6052791784767058,22_doctor_médico_doctor doctor_hospital
1991,23,0.0216882734439818,23.367723305525345,0.0928129504120479,23_tac_tac tac_hijos_papá
1991,24,2.1004411444357474,23.367723305525345,8.988642654541762,24_plata_bolsa_crédito_chino
1991,25,1.3025282037406576,23.367723305525345,5.574048385931856,25_agua_pez_pueblo_nadar
1991,26,0.061043103477382496,23.367723305525345,0.2612282877508599,26_pesos_banco_lucas_crisis
1991,30,1.3580924360821411,23.367723305525345,5.8118303538839715,30_maestro_foto_llené_comentar
1991,31,2.0,23.367723305525345,8.558814112314895,31_niño_cabro chico_cabro_chico
1992,0,0.1325947586443528,2.110399385254569,6.282922539250003,0_perro_perrito_mono_gallo
1992,5,0.4351968889733737,2.110399385254569,20.621541686095483,5_mujeres_hombres_mujer_hombre
1992,6,0.131514749224343,2.110399385254569,6.23174694530528,6_hijos_guagua_hija_mamá
1992,8,0.2893025280335929,2.110399385254569,13.708425526227849,8_amante_mujer_marido_matrimonio
1992,10,0.0372320981548907,2.110399385254569,1.764220479546792,10_salta salta_salta_bailar_baile
1992,21,1.0,2.110399385254569,47.38439591041551,21_pam_pam pam_luna_tenis
1992,22,0.0845583622240158,2.110399385254569,4.006746913159088,22_doctor_médico_doctor doctor_hospital
1993,0,0.0929470027552455,13.83698176361357,0.6717288809302594,0_perro_perrito_mono_gallo
1993,1,0.1883634395117483,13.83698176361357,1.361304385086915,1_canción_pegado_música_luis
1993,2,0.3370188498021313,13.83698176361357,2.4356384619106253,2_chileno_chile_chilenos_argentino
1993,4,0.0216846766648053,13.83698176361357,0.1567153663657231,4_abuela_vieja_abuelita_suegra
1993,6,0.1625654379024498,13.83698176361357,1.1748619798715072,6_hijos_guagua_hija_mamá
1993,8,1.1015538852257478,13.83698176361357,7.960940500206843,8_amante_mujer_marido_matrimonio
1993,9,0.4043026697197854,13.83698176361357,2.921899274182468,9_comida_comió_pan_olla
1993,10,1.0,13.83698176361357,7.227009597061484,10_salta salta_salta_bailar_baile
1993,13,1.1757252812766088,13.83698176361357,8.496977891293863,13_almas_tele_casting_martín
1993,15,1.0,13.83698176361357,7.227009597061484,15_fome_show_oh oh_dichato
1993,16,3.034155444145018,13.83698176361357,21.92787051381239,16_cielo_pi_san pedro_pérez
1993,17,0.1211723570733032,13.83698176361357,0.8757137874673231,17_celular_teléfono_momia_aló
1993,19,0.1177701205315722,13.83698176361357,0.8511257913287599,19_colegio_profe_profesor_profesora
1993,20,0.23782847052036593,13.83698176361357,1.7187886389051388,20_farmacia_viagra_viejito_cajas
1993,22,2.22251219214309,13.83698176361357,16.062116942204266,22_doctor_médico_doctor doctor_hospital
1993,23,0.2776055299751818,13.83698176361357,2.006257829327978,23_tac_tac tac_hijos_papá
1993,24,0.0473253630054616,13.83698176361357,0.34202085262488946,24_plata_bolsa_crédito_chino
1993,26,0.2944510433610555,13.83698176361357,2.1280005162351148,26_pesos_banco_lucas_crisis
1993,31,2.0,13.83698176361357,14.454019194122967,31_niño_cabro chico_cabro_chico
1994,0,0.4991963712166576,14.092860073515292,3.5421934838819356,0_perro_perrito_mono_gallo
1994,1,1.4263930557839963,14.092860073515292,10.121388052838306,1_canción_pegado_música_luis
1994,2,0.5993761006043606,14.092860073515292,4.253047979457115,2_chileno_chile_chilenos_argentino
1994,3,0.1007112990449242,14.092860073515292,0.7146264031542534,3_presidente_checho_piñera_chile
1994,6,0.0883178154756797,14.092860073515292,0.6266848249040331,6_hijos_guagua_hija_mamá
1994,7,0.1336460074983175,14.092860073515292,0.9483242351173161,7_avión_auto_micro_chofer
1994,8,1.1617349854824521,14.092860073515292,8.243429505595536,8_amante_mujer_marido_matrimonio
1994,11,0.2221879473547809,14.092860073515292,1.5765993999496144,11_jorge_cama_dormir_pa
1994,12,0.4467043366335143,14.092860073515292,3.1697209388533247,12_marihuana_jimmy_droga_vino
1994,13,1.3338315224599455,14.092860073515292,9.464590689909812,13_almas_tele_casting_martín
1994,14,0.3348177486055186,14.092860073515292,2.3757970125222596,14_loro_carabineros_cartero_carabinero
1994,15,1.0,14.092860073515292,7.095791732717902,15_fome_show_oh oh_dichato
1994,17,0.0991598746382487,14.092860073515292,0.7036178186754286,17_celular_teléfono_momia_aló
1994,18,2.0,14.092860073515292,14.191583465435803,18_ciudad_temuco_emocionante_buenas noches
1994,19,0.0600316258887243,14.092860073515292,0.42597191468282386,19_colegio_profe_profesor_profesora
1994,20,0.2366394985155285,14.092860073515292,1.6791445972009973,20_farmacia_viagra_viejito_cajas
1994,21,0.1290026219408932,14.092860073515292,0.9153757382671229,21_pam_pam pam_luna_tenis
1994,23,1.0,14.092860073515292,7.095791732717902,23_tac_tac tac_hijos_papá
1994,24,0.09043116031604491,14.092860073515292,0.6416806797506787,24_plata_bolsa_crédito_chino
1994,25,2.0,14.092860073515292,14.191583465435803,25_agua_pez_pueblo_nadar
1994,26,1.0,14.092860073515292,7.095791732717902,26_pesos_banco_lucas_crisis
1994,27,0.0371714176235226,14.092860073515292,0.26376063786639614,27_espejo_hermana_bonita_ropa
1994,31,0.0935066844321823,14.092860073515292,0.6635039583477408,31_niño_cabro chico_cabro_chico
1995,0,1.22817707811584,15.489310938827726,7.929191188467367,0_perro_perrito_mono_gallo
1995,1,1.2765253355624204,15.489310938827726,8.241330686715695,1_canción_pegado_música_luis
1995,2,1.672541421188602,15.489310938827726,10.798036321912617,2_chileno_chile_chilenos_argentino
1995,3,0.1407784715212656,15.489310938827726,0.9088749788628112,3_presidente_checho_piñera_chile
1995,4,0.4399510635353613,15.489310938827726,2.8403527133832465,4_abuela_vieja_abuelita_suegra
1995,5,0.5403209866714273,15.489310938827726,3.4883474726882864,5_mujeres_hombres_mujer_hombre
1995,6,1.0,15.489310938827726,6.456065114512335,6_hijos_guagua_hija_mamá
1995,7,0.1984134833471574,15.489310938827726,1.280970368086457,7_avión_auto_micro_chofer
1995,8,0.1238588484881598,15.489310938827726,0.7996407908480775,8_amante_mujer_marido_matrimonio
1995,9,0.2533043541039317,15.489310938827726,1.6353494038844731,9_comida_comió_pan_olla
1995,10,1.5534412320468234,15.489310938827726,10.029117745662559,10_salta salta_salta_bailar_baile
1995,11,0.17548035841653611,15.489310938827726,1.1329126202551199,11_jorge_cama_dormir_pa
1995,12,3.061470127582296,15.489310938827726,19.76505048980569,12_marihuana_jimmy_droga_vino
1995,15,0.2778704444845725,15.489310938827726,1.793949682990885,15_fome_show_oh oh_dichato
1995,16,1.1309139494100167,15.489310938827726,7.301254096301377,16_cielo_pi_san pedro_pérez
1995,17,1.036991101649401,15.489310938827726,6.694882075418413,17_celular_teléfono_momia_aló
1995,18,0.128298907667449,15.489310938827726,0.8283061020218567,18_ciudad_temuco_emocionante_buenas noches
1995,19,0.0443982415365068,15.489310938827726,0.28663793832953416,19_colegio_profe_profesor_profesora
1995,20,0.18008529133539558,15.489310938827726,1.1626423670272379,20_farmacia_viagra_viejito_cajas
1995,21,0.2263706061073822,15.489310938827726,1.461463373040883,21_pam_pam pam_luna_tenis
1995,22,0.2374318070009085,15.489310938827726,1.532875206254191,22_doctor_médico_doctor doctor_hospital
1995,23,0.098231326902191,15.489310938827726,0.6341878427654923,23_tac_tac tac_hijos_papá
1995,24,0.1522624891617333,15.489310938827726,0.9830165445258789,24_plata_bolsa_crédito_chino
1995,25,0.0283097084967685,15.489310938827726,0.18276932142800056,25_agua_pez_pueblo_nadar
1995,27,0.0614665683448188,15.489310938827726,0.3968321675997729,27_espejo_hermana_bonita_ropa
1995,28,0.0254014165540097,15.489310938827726,0.16399319927353814,28_terremoto_noticias_ta_grado
1995,30,0.0748605771895708,15.489310938827726,0.48330476084584595,30_maestro_foto_llené_comentar
1995,31,0.12215574240718,15.489310938827726,0.78864542709235,31_niño_cabro chico_cabro_chico
1996,0,0.8368617854430687,27.02294704050161,3.096856105993148,0_perro_perrito_mono_gallo
1996,1,0.38593430631393383,27.02294704050161,1.4281725295745906,1_canción_pegado_música_luis
1996,2,0.0020289552790855,27.02294704050161,0.007508267977006842,2_chileno_chile_chilenos_argentino
1996,3,0.1328076068822716,27.02294704050161,0.4914623363736807,3_presidente_checho_piñera_chile
1996,4,1.5973187573914842,27.02294704050161,5.910971719692325,4_abuela_vieja_abuelita_suegra
1996,5,0.158254338714889,27.02294704050161,0.5856294595763358,5_mujeres_hombres_mujer_hombre
1996,6,0.0367207281204459,27.02294704050161,0.1358872075107478,6_hijos_guagua_hija_mamá
1996,7,6.083813930170874,27.02294704050161,22.513510169903157,7_avión_auto_micro_chofer
1996,8,0.4032213904518027,27.02294704050161,1.4921443980460762,8_amante_mujer_marido_matrimonio
1996,10,0.0976518329025377,27.02294704050161,0.36136633342092006,10_salta salta_salta_bailar_baile
1996,11,3.1298626356518024,27.02294704050161,11.582240201117994,11_jorge_cama_dormir_pa
1996,12,0.2210072174083208,27.02294704050161,0.8178501666641995,12_marihuana_jimmy_droga_vino
1996,13,1.0,27.02294704050161,3.700558634486513,13_almas_tele_casting_martín
1996,14,0.0465289682493279,27.02294704050161,0.17218317520879922,14_loro_carabineros_cartero_carabinero
1996,15,0.2946746984469049,27.02294704050161,1.0904609997024035,15_fome_show_oh oh_dichato
1996,17,0.0020286571749759,27.02294704050161,0.007507164825270085,17_celular_teléfono_momia_aló
1996,18,1.002029141623572,27.02294704050161,3.7080675920422186,18_ciudad_temuco_emocionante_buenas noches
1996,21,1.098400139859988,27.02294704050161,4.0646941216800725,21_pam_pam pam_luna_tenis
1996,23,0.1319323535596681,27.02294704050161,0.48822341013335724,23_tac_tac tac_hijos_papá
1996,24,2.7561725688176906,27.02294704050161,10.199378197673179,24_plata_bolsa_crédito_chino
1996,25,7.25754886002981,27.02294704050161,26.856985099191064,25_agua_pez_pueblo_nadar
1996,26,0.2444826934275163,27.02294704050161,0.9047225421457146,26_pesos_banco_lucas_crisis
1996,28,0.053288421261828596,27.02294704050161,0.1971969274186145,28_terremoto_noticias_ta_grado
1996,31,0.0503770533198089,27.02294704050161,0.1864232396426063,31_niño_cabro chico_cabro_chico
1997,0,0.438303710835277,21.684480532701965,2.0212783523879176,0_perro_perrito_mono_gallo
1997,1,0.1778034836491434,21.684480532701965,0.8199573117788145,1_canción_pegado_música_luis
1997,2,2.635070547052895,21.684480532701965,12.151873055381675,2_chileno_chile_chilenos_argentino
1997,3,0.23610939534301711,21.684480532701965,1.0888404496798754,3_presidente_checho_piñera_chile
1997,4,1.0456374773734987,21.684480532701965,4.822054537098973,4_abuela_vieja_abuelita_suegra
1997,5,0.2001994939629647,21.684480532701965,0.9232385975815631,5_mujeres_hombres_mujer_hombre
1997,6,0.1112396923457381,21.684480532701965,0.5129921935551076,6_hijos_guagua_hija_mamá
1997,8,0.332293746921883,21.684480532701965,1.5324035381929346,8_amante_mujer_marido_matrimonio
1997,9,0.33373542836890124,21.684480532701965,1.5390519863531016,9_comida_comió_pan_olla
1997,10,1.055045061614848,21.684480532701965,4.865438487326242,10_salta salta_salta_bailar_baile
1997,11,1.5334209271933184,21.684480532701965,7.071513310548504,11_jorge_cama_dormir_pa
1997,12,0.36888935903922415,21.684480532701965,1.701167609170572,12_marihuana_jimmy_droga_vino
1997,13,0.1531485816050909,21.684480532701965,0.7062589365427977,13_almas_tele_casting_martín
1997,14,1.1033958762020302,21.684480532701965,5.088412768468302,14_loro_carabineros_cartero_carabinero
1997,15,0.0747535643210268,21.684480532701965,0.3447330186595539,15_fome_show_oh oh_dichato
1997,16,1.401520288417054,21.684480532701965,6.463241239758763,16_cielo_pi_san pedro_pérez
1997,17,1.4138287869114312,21.684480532701965,6.5200030260317385,17_celular_teléfono_momia_aló
1997,18,1.4292188626784101,21.684480532701965,6.590975792678232,18_ciudad_temuco_emocionante_buenas noches
1997,19,1.20631275102812,21.684480532701965,5.563023514484942,19_colegio_profe_profesor_profesora
1997,20,0.0329150418544564,21.684480532701965,0.15179077868532673,20_farmacia_viagra_viejito_cajas
1997,21,1.1128183679276975,21.684480532701965,5.13186546594684,21_pam_pam pam_luna_tenis
1997,25,1.0570829820338918,21.684480532701965,4.87483654699371,25_agua_pez_pueblo_nadar
1997,27,1.0,21.684480532701965,4.611593063029194,27_espejo_hermana_bonita_ropa
1997,29,1.0,21.684480532701965,4.611593063029194,29_amiga_mira mira_amigas_tenés hacer
1997,30,0.0370818455098217,21.684480532701965,0.17100638151741407,30_maestro_foto_llené_comentar
1997,31,2.194655260512227,21.684480532701965,10.120856975118716,31_niño_cabro chico_cabro_chico
1998,0,0.6247498960715036,27.033890146411146,2.3109877738200453,0_perro_perrito_mono_gallo
1998,1,0.2181019280876633,27.033890146411146,0.8067722658724246,1_canción_pegado_música_luis
1998,2,2.220314572043213,27.033890146411146,8.213078325088809,2_chileno_chile_chilenos_argentino
1998,3,0.0432159902502343,27.033890146411146,0.15985857017315502,3_presidente_checho_piñera_chile
1998,4,0.4521252377867066,27.033890146411146,1.6724386883947147,4_abuela_vieja_abuelita_suegra
1998,5,0.1752193718396223,27.033890146411146,0.6481470883053186,5_mujeres_hombres_mujer_hombre
1998,6,1.1145377519340136,27.033890146411146,4.122742771750047,6_hijos_guagua_hija_mamá
1998,7,0.6334796375156095,27.033890146411146,2.3432796171205363,7_avión_auto_micro_chofer
1998,8,0.3806217020622935,27.033890146411146,1.4079427710954968,8_amante_mujer_marido_matrimonio
1998,9,1.2623205461478266,27.033890146411146,4.669400294635009,9_comida_comió_pan_olla
1998,10,0.0408793171708208,27.033890146411146,0.15121507466896209,10_salta salta_salta_bailar_baile
1998,12,0.1921343062823316,27.033890146411146,0.7107164571645572,12_marihuana_jimmy_droga_vino
1998,13,0.19977631352823888,27.033890146411146,0.7389847056649372,13_almas_tele_casting_martín
1998,15,0.0448629446354032,27.033890146411146,0.16595075437694243,15_fome_show_oh oh_dichato
1998,16,1.0431212334650521,27.033890146411146,3.8585687365587322,16_cielo_pi_san pedro_pérez
1998,18,1.0,27.033890146411146,3.699060677483569,18_ciudad_temuco_emocionante_buenas noches
1998,19,0.4519076526325684,27.033890146411146,1.6716338277070377,19_colegio_profe_profesor_profesora
1998,20,3.2757902444501585,27.033890146411146,12.11734688092987,20_farmacia_viagra_viejito_cajas
1998,21,4.19564971088153,27.033890146411146,15.519962862017174,21_pam_pam pam_luna_tenis
1998,22,0.1237273223829442,27.033890146411146,0.45767487295708154,22_doctor_médico_doctor doctor_hospital
1998,23,1.553962437001028,27.033890146411146,5.7482013449970415,23_tac_tac tac_hijos_papá
1998,24,0.0223407666827407,27.033890146411146,0.08263985154096117,24_plata_bolsa_crédito_chino
1998,25,0.1005037218308718,27.033890146411146,0.37176936536532484,25_agua_pez_pueblo_nadar
1998,26,0.8565249288952694,27.033890146411146,3.168337683760901,26_pesos_banco_lucas_crisis
1998,27,0.1294072445205306,27.033890146411146,0.4786852495873958,27_espejo_hermana_bonita_ropa
1998,28,0.11522958712500811,27.033890146411146,0.4262412346167845,28_terremoto_noticias_ta_grado
1998,30,2.1397190386368132,27.033890146411146,7.914950556684381,30_maestro_foto_llené_comentar
1998,31,4.423666742551153,27.033890146411146,16.3634116976628,31_niño_cabro chico_cabro_chico
1999,0,0.6800737669988667,20.44479287469707,3.3263910823989855,0_perro_perrito_mono_gallo
1999,1,1.2020648244101517,20.44479287469707,5.879564697854454,1_canción_pegado_música_luis
1999,2,1.2786687596282211,20.44479287469707,6.254251473541363,2_chileno_chile_chilenos_argentino
1999,3,0.0721557847099821,20.44479287469707,0.35292988856484675,3_presidente_checho_piñera_chile
1999,4,0.5722935143572307,20.44479287469707,2.799214048607525,4_abuela_vieja_abuelita_suegra
1999,5,0.1230200225540263,20.44479287469707,0.6017181162362305,5_mujeres_hombres_mujer_hombre
1999,6,0.2115033872133719,20.44479287469707,1.0345098065294325,6_hijos_guagua_hija_mamá
1999,7,1.0765097797716436,20.44479287469707,5.265447228394062,7_avión_auto_micro_chofer
1999,8,1.4738837494680184,20.44479287469707,7.209091128979495,8_amante_mujer_marido_matrimonio
1999,9,1.3730962852438708,20.44479287469707,6.716117368658917,9_comida_comió_pan_olla
1999,10,1.0373939237041307,20.44479287469707,5.074122932240768,10_salta salta_salta_bailar_baile
1999,12,0.1506483230416131,20.44479287469707,0.7368542394384382,12_marihuana_jimmy_droga_vino
1999,14,0.1605402518688784,20.44479287469707,0.7852378493282101,14_loro_carabineros_cartero_carabinero
1999,16,2.1075896261362486,20.44479287469707,10.308686613033132,16_cielo_pi_san pedro_pérez
1999,18,0.1456219988939315,20.44479287469707,0.7122693772757976,18_ciudad_temuco_emocionante_buenas noches
1999,19,0.0625977432749308,20.44479287469707,0.3061793956954348,19_colegio_profe_profesor_profesora
1999,20,1.4923083558556414,20.44479287469707,7.299209950434642,20_farmacia_viagra_viejito_cajas
1999,21,1.0905245728329347,20.44479287469707,5.333996678355162,21_pam_pam pam_luna_tenis
1999,22,1.4090535462059701,20.44479287469707,6.891992278140641,22_doctor_médico_doctor doctor_hospital
1999,23,0.0894953936709362,20.44479287469707,0.43774174783495945,23_tac_tac tac_hijos_papá
1999,24,0.4098295325613524,20.44479287469707,2.0045668110855086,24_plata_bolsa_crédito_chino
1999,25,1.8143553397677747,20.44479287469707,8.874412917204268,25_agua_pez_pueblo_nadar
1999,29,0.0358816786147224,20.44479287469707,0.17550521951792603,29_amiga_mira mira_amigas_tenés hacer
1999,30,1.1893441475661486,20.44479287469707,5.817345056296007,30_maestro_foto_llené_comentar
1999,31,1.186338566346473,20.44479287469707,5.802644094353784,31_niño_cabro chico_cabro_chico
2000,0,1.5877751960884086,34.21989173376996,4.639918818099328,0_perro_perrito_mono_gallo
2000,1,1.6589752508944724,34.21989173376996,4.847985095339474,1_canción_pegado_música_luis
2000,2,0.390087580373017,34.21989173376996,1.1399439349717706,2_chileno_chile_chilenos_argentino
2000,3,1.6175713689510918,34.21989173376996,4.726991486518318,3_presidente_checho_piñera_chile
2000,4,3.692009947438645,34.21989173376996,10.789075477393105,4_abuela_vieja_abuelita_suegra
2000,5,0.2889710730005987,34.21989173376996,0.8444534987100123,5_mujeres_hombres_mujer_hombre
2000,6,0.1368129827790518,34.21989173376996,0.3998054226572484,6_hijos_guagua_hija_mamá
2000,7,1.4131605092876318,34.21989173376996,4.129646348042217,7_avión_auto_micro_chofer
2000,8,1.1500891080951463,34.21989173376996,3.360878862630003,8_amante_mujer_marido_matrimonio
2000,9,0.0281673763389826,34.21989173376996,0.08231287392176513,9_comida_comió_pan_olla
2000,10,1.2817844055372056,34.21989173376996,3.7457289915159917,10_salta salta_salta_bailar_baile
2000,11,0.8991252748381556,34.21989173376996,2.627493043617237,11_jorge_cama_dormir_pa
2000,12,3.0,34.21989173376996,8.766830775912258,12_marihuana_jimmy_droga_vino
2000,13,0.0652566432984994,34.21989173376996,0.1906979829340043,13_almas_tele_casting_martín
2000,14,0.55187263873152,34.21989173376996,1.6127246778717992,14_loro_carabineros_cartero_carabinero
2000,15,0.0999654157791519,34.21989173376996,0.2921266278598446,15_fome_show_oh oh_dichato
2000,16,3.0,34.21989173376996,8.766830775912258,16_cielo_pi_san pedro_pérez
2000,17,0.319630214993645,34.21989173376996,0.934048001905913,17_celular_teléfono_momia_aló
2000,19,2.5273692347053096,34.21989173376996,7.3856727963027735,19_colegio_profe_profesor_profesora
2000,20,1.2558295087619527,34.21989173376996,3.6698815955710202,20_farmacia_viagra_viejito_cajas
2000,21,3.224997941663309,34.21989173376996,9.424337069075861,21_pam_pam pam_luna_tenis
2000,22,1.321411018772739,34.21989173376996,3.86152892900214,22_doctor_médico_doctor doctor_hospital
2000,23,0.1464092518686993,34.21989173376996,0.4278483783869341,23_tac_tac tac_hijos_papá
2000,24,0.25028266088515727,34.21989173376996,0.7313952447084027,24_plata_bolsa_crédito_chino
2000,25,0.0643051161503889,34.21989173376996,0.18791735710528062,25_agua_pez_pueblo_nadar
2000,26,0.11103127061414189,34.21989173376996,0.32446412010290054,26_pesos_banco_lucas_crisis
2000,27,3.0641028040789973,34.21989173376996,8.954156921119601,27_espejo_hermana_bonita_ropa
2000,28,0.0314627917608872,34.21989173376996,0.09194299036848817,28_terremoto_noticias_ta_grado
2000,29,0.4815716882554846,34.21989173376996,1.4072858324687354,29_amiga_mira mira_amigas_tenés hacer
2000,30,0.0587523648966334,34.21989173376996,0.1716906802444776,30_maestro_foto_llené_comentar
2000,31,0.501111094931036,34.21989173376996,1.4643853897308319,31_niño_cabro chico_cabro_chico
2001,0,0.4915309537249114,8.193237949443967,5.999227128003393,0_perro_perrito_mono_gallo
2001,1,1.0611773910688043,8.193237949443967,12.951868328696849,1_canción_pegado_música_luis
2001,2,0.5144288142890185,8.193237949443967,6.278699794431458,2_chileno_chile_chilenos_argentino
2001,3,0.1784561779179764,8.193237949443967,2.1780909942947195,3_presidente_checho_piñera_chile
2001,4,0.6027411032070874,8.193237949443967,7.3565677809710435,4_abuela_vieja_abuelita_suegra
2001,5,0.1378247112999974,8.193237949443967,1.682176352626874,5_mujeres_hombres_mujer_hombre
2001,9,0.1174569036525092,8.193237949443967,1.4335834547619895,9_comida_comió_pan_olla
2001,11,0.0858202678076977,8.193237949443967,1.0474524032775332,11_jorge_cama_dormir_pa
2001,12,0.4289135552730813,8.193237949443967,5.234970080445295,12_marihuana_jimmy_droga_vino
2001,13,0.0670968804744031,8.193237949443967,0.8189299625913662,13_almas_tele_casting_martín
2001,15,2.0,8.193237949443967,24.410373680599985,15_fome_show_oh oh_dichato
2001,19,0.064821407164748,8.193237949443967,0.79115738569691,19_colegio_profe_profesor_profesora
2001,20,0.0603754765913753,8.193237949443967,0.7368939723698941,20_farmacia_viagra_viejito_cajas
2001,21,0.0389324543575644,8.193237949443967,0.47517787958552515,21_pam_pam pam_luna_tenis
2001,24,0.05478174681147541,8.193237949443967,0.6686214552720657,24_plata_bolsa_crédito_chino
2001,25,0.0284508961580914,8.193237949443967,0.34724850338347873,25_agua_pez_pueblo_nadar
2001,30,2.198553533029025,8.193237949443967,26.83375664902091,30_maestro_foto_llené_comentar
2001,31,0.0618756766162013,8.193237949443967,0.7552041939707181,31_niño_cabro chico_cabro_chico
2002,0,1.1736277525002774,12.753587293516247,9.202334413760855,0_perro_perrito_mono_gallo
2002,1,0.3311633004381384,12.753587293516247,2.5966286411549273,1_canción_pegado_música_luis
2002,2,0.4809579279153993,12.753587293516247,3.7711580032067675,2_chileno_chile_chilenos_argentino
2002,4,1.0354589870224107,12.753587293516247,8.118962635311432,4_abuela_vieja_abuelita_suegra
2002,5,0.230811859265798,12.753587293516247,1.8097798992063954,5_mujeres_hombres_mujer_hombre
2002,6,0.0177855884402548,12.753587293516247,0.1394555745840761,6_hijos_guagua_hija_mamá
2002,7,0.0778428920589103,12.753587293516247,0.610360757858964,7_avión_auto_micro_chofer
2002,8,0.0988269512907231,12.753587293516247,0.7748953217340301,8_amante_mujer_marido_matrimonio
2002,10,0.1367369899488827,12.753587293516247,1.07214532509138,10_salta salta_salta_bailar_baile
2002,12,0.317020776510636,12.753587293516247,2.485738084623493,12_marihuana_jimmy_droga_vino
2002,13,1.0,12.753587293516247,7.840931159097383,13_almas_tele_casting_martín
2002,15,2.173336957825952,12.753587293516247,17.04098547183542,15_fome_show_oh oh_dichato
2002,16,0.1259306585739259,12.753587293516247,0.9874136246979496,16_cielo_pi_san pedro_pérez
2002,17,0.0638691437162463,12.753587293516247,0.5007935590695844,17_celular_teléfono_momia_aló
2002,19,1.0,12.753587293516247,7.840931159097383,19_colegio_profe_profesor_profesora
2002,21,0.1105444808324526,12.753587293516247,0.8667716642254208,21_pam_pam pam_luna_tenis
2002,25,2.154431644950367,12.753587293516247,16.892750215036763,25_agua_pez_pueblo_nadar
2002,26,0.054975114571135394,12.753587293516247,0.43105608881576407,26_pesos_banco_lucas_crisis
2002,27,0.0393756518131959,12.753587293516247,0.3087417752118571,27_espejo_hermana_bonita_ropa
2002,29,0.0786924826668043,12.753587293516247,0.6170223393288765,29_amiga_mira mira_amigas_tenés hacer
2002,30,1.0521981331747379,12.753587293516247,8.2502131279539,30_maestro_foto_llené_comentar
2002,31,1.0,12.753587293516247,7.840931159097383,31_niño_cabro chico_cabro_chico
2003,1,0.1037170751381529,2.0485987131622756,5.062830239605699,1_canción_pegado_música_luis
2003,2,0.34773046223123283,2.0485987131622756,16.97406427120449,2_chileno_chile_chilenos_argentino
2003,10,0.0943405869582238,2.0485987131622756,4.605127707641531,10_salta salta_salta_bailar_baile
2003,12,0.0255783600835596,2.0485987131622756,1.2485783535456836,12_marihuana_jimmy_droga_vino
2003,13,1.2909047535871712,2.0485987131622756,63.01403712172082,13_almas_tele_casting_martín
2003,15,0.0932412276340091,2.0485987131622756,4.551463741284856,15_fome_show_oh oh_dichato
2003,19,0.0930862475299262,2.0485987131622756,4.543898564996929,19_colegio_profe_profesor_profesora
2004,0,0.1925171008637826,19.094381658640117,1.0082395141435205,0_perro_perrito_mono_gallo
2004,1,0.1468023394595388,19.094381658640117,0.7688247887991253,1_canción_pegado_música_luis
2004,2,0.279719371603763,19.094381658640117,1.4649302428559727,2_chileno_chile_chilenos_argentino
2004,3,1.6552045063765337,19.094381658640117,8.66854206628661,3_presidente_checho_piñera_chile
2004,4,1.259977190198469,19.094381658640117,6.598680243873388,4_abuela_vieja_abuelita_suegra
2004,5,1.4122791912738903,19.094381658640117,7.396307544920371,5_mujeres_hombres_mujer_hombre
2004,6,0.0514542519576145,19.094381658640117,0.2694732559424447,6_hijos_guagua_hija_mamá
2004,7,0.413864444483952,19.094381658640117,2.167467121391073,7_avión_auto_micro_chofer
2004,8,0.24353994284161612,19.094381658640117,1.2754534144938674,8_amante_mujer_marido_matrimonio
2004,9,0.0410535886576901,19.094381658640117,0.2150034988910654,9_comida_comió_pan_olla
2004,11,0.6749719025231529,19.094381658640117,3.5349241184656606,11_jorge_cama_dormir_pa
2004,12,1.028415350398869,19.094381658640117,5.385957863335763,12_marihuana_jimmy_droga_vino
2004,13,1.0458268400185584,19.094381658640117,5.47714431771257,13_almas_tele_casting_martín
2004,14,3.1391213135509535,19.094381658640117,16.44002602268357,14_loro_carabineros_cartero_carabinero
2004,16,0.1999762266335979,19.094381658640117,1.047304019625635,16_cielo_pi_san pedro_pérez
2004,17,0.1192138791607887,19.094381658640117,0.6243400875295952,17_celular_teléfono_momia_aló
2004,18,1.1318389878858734,19.094381658640117,5.92760220320474,18_ciudad_temuco_emocionante_buenas noches
2004,19,0.1262022316971283,19.094381658640117,0.6609390864459985,19_colegio_profe_profesor_profesora
2004,20,1.4000076155683967,19.094381658640117,7.332039552770225,20_farmacia_viagra_viejito_cajas
2004,21,1.0,19.094381658640117,5.237142620680282,21_pam_pam pam_luna_tenis
2004,22,0.3131548495279941,19.094381658640117,1.640036609335778,22_doctor_médico_doctor doctor_hospital
2004,24,1.095441014090502,19.094381658640117,5.736980823334597,24_plata_bolsa_crédito_chino
2004,25,1.0,19.094381658640117,5.237142620680282,25_agua_pez_pueblo_nadar
2004,26,0.0383986699354886,19.094381658640117,0.2010993108965819,26_pesos_banco_lucas_crisis
2004,27,0.0356135541777963,19.094381658640117,0.1865132624584433,27_espejo_hermana_bonita_ropa
2004,30,1.0,19.094381658640117,5.237142620680282,30_maestro_foto_llené_comentar
2004,31,0.0497872957541683,19.094381658640117,0.26074316856256924,31_niño_cabro chico_cabro_chico
2005,0,1.1610848900408204,29.620995246232084,3.9198037756294335,0_perro_perrito_mono_gallo
2005,1,0.7085098907314944,29.620995246232084,2.391917911068906,1_canción_pegado_música_luis
2005,2,0.0724015825556651,29.620995246232084,0.2444265695794772,2_chileno_chile_chilenos_argentino
2005,3,0.0486455333707166,29.620995246232084,0.16422653245219543,3_presidente_checho_piñera_chile
2005,4,2.06957603396075,29.620995246232084,6.986855157150766,4_abuela_vieja_abuelita_suegra
2005,5,1.6395221748421038,29.620995246232084,5.535000296962196,5_mujeres_hombres_mujer_hombre
2005,6,0.48086259316262925,29.620995246232084,1.6233843230632063,6_hijos_guagua_hija_mamá
2005,7,0.7831772727593406,29.620995246232084,2.6439937829535425,7_avión_auto_micro_chofer
2005,8,3.2585719793003576,29.620995246232084,11.000886203223915,8_amante_mujer_marido_matrimonio
2005,9,0.5285246757111822,29.620995246232084,1.7842907414747073,9_comida_comió_pan_olla
2005,10,0.1373221699473673,29.620995246232084,0.46359742070055954,10_salta salta_salta_bailar_baile
2005,11,0.2299761820432607,29.620995246232084,0.7763958642561635,11_jorge_cama_dormir_pa
2005,12,0.0508471718476607,29.620995246232084,0.17165922827704,12_marihuana_jimmy_droga_vino
2005,14,0.079630711583473,29.620995246232084,0.2688319920432193,14_loro_carabineros_cartero_carabinero
2005,16,0.1022293160539754,29.620995246232084,0.3451245145686973,16_cielo_pi_san pedro_pérez
2005,17,6.280393056554483,29.620995246232084,21.202505197232952,17_celular_teléfono_momia_aló
2005,18,1.0,29.620995246232084,3.3759837969225703,18_ciudad_temuco_emocionante_buenas noches
2005,20,1.0,29.620995246232084,3.3759837969225703,20_farmacia_viagra_viejito_cajas
2005,21,0.1170756361473494,29.620995246232084,0.39524545064785394,21_pam_pam pam_luna_tenis
2005,22,0.943598958378926,29.620995246232084,3.1855747942802695,22_doctor_médico_doctor doctor_hospital
2005,23,1.0,29.620995246232084,3.3759837969225703,23_tac_tac tac_hijos_papá
2005,24,3.2580917392471127,29.620995246232084,10.99926492058553,24_plata_bolsa_crédito_chino
2005,25,1.100828892506035,29.620995246232084,3.7163805042845923,25_agua_pez_pueblo_nadar
2005,26,0.1417549272992464,29.620995246232084,0.4785623376961928,26_pesos_banco_lucas_crisis
2005,28,0.2723254539757005,29.620995246232084,0.9193663201115481,28_terremoto_noticias_ta_grado
2005,29,2.1560444042124316,29.620995246232084,7.278770974066746,29_amiga_mira mira_amigas_tenés hacer
2005,30,1.0,29.620995246232084,3.3759837969225703,30_maestro_foto_llené_comentar
2006,0,3.1434828860291093,32.225764017966824,9.754564342606505,0_perro_perrito_mono_gallo
2006,1,3.8777117690782643,32.225764017966824,12.032955268077815,1_canción_pegado_música_luis
2006,2,0.2635690736749242,32.225764017966824,0.8178830873582287,2_chileno_chile_chilenos_argentino
2006,3,0.43785780557378867,32.225764017966824,1.3587197043014088,3_presidente_checho_piñera_chile
2006,4,2.4237820123186236,32.225764017966824,7.521255387358056,4_abuela_vieja_abuelita_suegra
2006,5,4.578501406599876,32.225764017966824,14.20758063035286,5_mujeres_hombres_mujer_hombre
2006,6,0.1532361146791832,32.225764017966824,0.475508089098367,6_hijos_guagua_hija_mamá
2006,7,0.023482782583698,32.225764017966824,0.07286959145671658,7_avión_auto_micro_chofer
2006,8,0.2355956002533327,32.225764017966824,0.7310784008781952,8_amante_mujer_marido_matrimonio
2006,9,1.2600293306042518,32.225764017966824,3.91000607433775,9_comida_comió_pan_olla
2006,10,0.0379593135326608,32.225764017966824,0.11779181871839361,10_salta salta_salta_bailar_baile
2006,11,1.2464476217218778,32.225764017966824,3.8678605758639146,11_jorge_cama_dormir_pa
2006,12,0.2041418737905897,32.225764017966824,0.6334741161661039,12_marihuana_jimmy_droga_vino
2006,13,0.1956342326519695,32.225764017966824,0.6070739937861445,13_almas_tele_casting_martín
2006,14,0.0291204980415974,32.225764017966824,0.09036402682450556,14_loro_carabineros_cartero_carabinero
2006,15,2.2841643814999384,32.225764017966824,7.088006913432522,15_fome_show_oh oh_dichato
2006,16,1.2564830069042217,32.225764017966824,3.899001451769134,16_cielo_pi_san pedro_pérez
2006,18,1.1577584067394793,32.225764017966824,3.5926484352519754,18_ciudad_temuco_emocionante_buenas noches
2006,20,3.462498567923838,32.225764017966824,10.744504198545584,20_farmacia_viagra_viejito_cajas
2006,21,0.0943944259080641,32.225764017966824,0.2929160216509883,21_pam_pam pam_luna_tenis
2006,22,1.0739989168267414,32.225764017966824,3.3327337599442326,22_doctor_médico_doctor doctor_hospital
2006,23,1.0799094624482597,32.225764017966824,3.3510748165541644,23_tac_tac tac_hijos_papá
2006,24,1.0,32.225764017966824,3.1031071891498683,24_plata_bolsa_crédito_chino
2006,25,1.2199959330844945,32.225764017966824,3.7857781506880968,25_agua_pez_pueblo_nadar
2006,26,0.0799140948430454,32.225764017966824,0.24798200222185862,26_pesos_banco_lucas_crisis
2006,27,0.0232680862543898,32.225764017966824,0.07220336573375621,27_espejo_hermana_bonita_ropa
2006,28,0.0570835523500765,32.225764017966824,0.17713638167973525,28_terremoto_noticias_ta_grado
2006,29,1.0819963776641204,32.225764017966824,3.3575507381636482,29_amiga_mira mira_amigas_tenés hacer
2006,30,0.1023506010915487,32.225764017966824,0.31760488606099513,30_maestro_foto_llené_comentar
2006,31,0.1413958832948618,32.225764017966824,0.43876658196848145,31_niño_cabro chico_cabro_chico
2007,0,0.597296133085404,28.63157364338383,2.086144968924636,0_perro_perrito_mono_gallo
2007,1,0.8670833670596612,28.63157364338383,3.028416732728298,1_canción_pegado_música_luis
2007,2,0.6211776030997909,28.63157364338383,2.1695545303823436,2_chileno_chile_chilenos_argentino
2007,3,1.305686628026689,28.63157364338383,4.560303405916379,3_presidente_checho_piñera_chile
2007,4,0.0425434352713774,28.63157364338383,0.14858923159890067,4_abuela_vieja_abuelita_suegra
2007,5,6.338508549006484,28.63157364338383,22.138177342100732,5_mujeres_hombres_mujer_hombre
2007,6,0.1858955915549763,28.63157364338383,0.6492678113692608,6_hijos_guagua_hija_mamá
2007,7,3.067261856482131,28.63157364338383,10.712865086236404,7_avión_auto_micro_chofer
2007,8,0.2646889044428272,28.63157364338383,0.9244650948621239,8_amante_mujer_marido_matrimonio
2007,10,0.12445583112980099,28.63157364338383,0.4346803730732424,10_salta salta_salta_bailar_baile
2007,11,0.3253932862147836,28.63157364338383,1.1364841145920574,11_jorge_cama_dormir_pa
2007,12,0.0199346978854098,28.63157364338383,0.06962487683598312,12_marihuana_jimmy_droga_vino
2007,14,1.4435771168220213,28.63157364338383,5.0419063052638124,14_loro_carabineros_cartero_carabinero
2007,16,0.20570873345132662,28.63157364338383,0.7184681359589248,16_cielo_pi_san pedro_pérez
2007,18,1.8991129018767354,28.63157364338383,6.63293231986074,18_ciudad_temuco_emocionante_buenas noches
2007,19,0.6013575522465502,28.63157364338383,2.1003300752402465,19_colegio_profe_profesor_profesora
2007,20,1.5496587553806145,28.63157364338383,5.412412096806663,20_farmacia_viagra_viejito_cajas
2007,21,1.2042614794870188,28.63157364338383,4.206061093555363,21_pam_pam pam_luna_tenis
2007,22,0.1407888187307592,28.63157364338383,0.49172574474715475,22_doctor_médico_doctor doctor_hospital
2007,23,0.1439785352161451,28.63157364338383,0.5028663007121007,23_tac_tac tac_hijos_papá
2007,24,0.054081299926701,28.63157364338383,0.18888692811754718,24_plata_bolsa_crédito_chino
2007,25,3.0717820827620175,28.63157364338383,10.728652644182704,25_agua_pez_pueblo_nadar
2007,26,0.0550317126916607,28.63157364338383,0.19220638508067964,26_pesos_banco_lucas_crisis
2007,27,1.083579510013713,28.63157364338383,3.784561489738815,27_espejo_hermana_bonita_ropa
2007,28,0.0811690119153218,28.63157364338383,0.28349476325091305,28_terremoto_noticias_ta_grado
2007,30,1.0,28.63157364338383,3.4926477058346372,30_maestro_foto_llené_comentar
2007,31,2.337560249603911,28.63157364338383,8.164274443029342,31_niño_cabro chico_cabro_chico
2008,0,1.2756932051315562,17.058484169107196,7.478350318147426,0_perro_perrito_mono_gallo
2008,1,1.9194638645107478,17.058484169107196,11.252253397678114,1_canción_pegado_música_luis
2008,2,1.3428834679586292,17.058484169107196,7.872232108352175,2_chileno_chile_chilenos_argentino
2008,3,0.2414927978100651,17.058484169107196,1.4156755982305098,3_presidente_checho_piñera_chile
2008,4,1.0271160956403853,17.058484169107196,6.021145170099497,4_abuela_vieja_abuelita_suegra
2008,5,0.6470156742182063,17.058484169107196,3.7929259587434356,5_mujeres_hombres_mujer_hombre
2008,7,0.0623536158587499,17.058484169107196,0.3655284680667693,7_avión_auto_micro_chofer
2008,8,0.0316796197541733,17.058484169107196,0.18571181026474137,8_amante_mujer_marido_matrimonio
2008,9,0.0273050396963075,17.058484169107196,0.16006721010860245,9_comida_comió_pan_olla
2008,10,0.10149932690588279,17.058484169107196,0.595007891086228,10_salta salta_salta_bailar_baile
2008,11,0.0287852677310582,17.058484169107196,0.16874458155659655,11_jorge_cama_dormir_pa
2008,13,0.04171545934582,17.058484169107196,0.24454376445338813,13_almas_tele_casting_martín
2008,14,0.0295119098559286,17.058484169107196,0.1730042925465469,14_loro_carabineros_cartero_carabinero
2008,15,1.3225867140456629,17.058484169107196,7.7532487701390185,15_fome_show_oh oh_dichato
2008,16,6.897632389095682,17.058484169107196,40.435201162757764,16_cielo_pi_san pedro_pérez
2008,17,0.07728100613720659,17.058484169107196,0.4530356001804779,17_celular_teléfono_momia_aló
2008,19,0.0473719471905852,17.058484169107196,0.27770314595933143,19_colegio_profe_profesor_profesora
2008,20,0.0485570221330497,17.058484169107196,0.2846502752043242,20_farmacia_viagra_viejito_cajas
2008,21,1.382811634067447,17.058484169107196,8.10629842815524,21_pam_pam pam_luna_tenis
2008,22,0.0489453843858646,17.058484169107196,0.28692692680457726,22_doctor_médico_doctor doctor_hospital
2008,23,0.0335506973696509,17.058484169107196,0.19668041449081972,23_tac_tac tac_hijos_papá
2008,24,0.0637621292643854,17.058484169107196,0.3737854350497227,24_plata_bolsa_crédito_chino
2008,27,0.0234560090961283,17.058484169107196,0.13750347840757726,27_espejo_hermana_bonita_ropa
2008,28,0.1694318294759509,17.058484169107196,0.9932408284130594,28_terremoto_noticias_ta_grado
2008,29,0.0605893916175644,17.058484169107196,0.3551862581511867,29_amiga_mira mira_amigas_tenés hacer
2008,30,0.1059926708105074,17.058484169107196,0.6213487069528688,30_maestro_foto_llené_comentar
2009,0,0.0414994730262003,7.416404717736806,0.5595632197222418,0_perro_perrito_mono_gallo
2009,1,0.1060556773787889,7.416404717736806,1.430014696004251,1_canción_pegado_música_luis
2009,2,0.2672920453545344,7.416404717736806,3.604064981989027,2_chileno_chile_chilenos_argentino
2009,3,0.0466118939706284,7.416404717736806,0.6284971727493927,3_presidente_checho_piñera_chile
2009,4,0.10511306373469499,7.416404717736806,1.417304849657279,4_abuela_vieja_abuelita_suegra
2009,5,0.7995023914393298,7.416404717736806,10.780188270028855,5_mujeres_hombres_mujer_hombre
2009,6,0.0256801751745639,7.416404717736806,0.3462617825204188,6_hijos_guagua_hija_mamá
2009,8,0.3108810615383595,7.416404717736806,4.191802812417553,8_amante_mujer_marido_matrimonio
2009,9,0.1395676093022982,7.416404717736806,1.8818769284329013,9_comida_comió_pan_olla
2009,10,0.0258030157987085,7.416404717736806,0.34791811909885306,10_salta salta_salta_bailar_baile
2009,11,0.10145199512773159,7.416404717736806,1.3679403833653072,11_jorge_cama_dormir_pa
2009,12,1.2167562845530397,7.416404717736806,16.406282165846335,12_marihuana_jimmy_droga_vino
2009,14,0.2807078877169749,7.416404717736806,3.7849591331719536,14_loro_carabineros_cartero_carabinero
2009,16,0.1230691786920451,7.416404717736806,1.6594183216258045,16_cielo_pi_san pedro_pérez
2009,20,1.5015838115154194,7.416404717736806,20.24678895859453,20_farmacia_viagra_viejito_cajas
2009,21,1.0,7.416404717736806,13.483622294889544,21_pam_pam pam_luna_tenis
2009,22,1.0224359584466687,7.416404717736806,13.786140284408262,22_doctor_médico_doctor doctor_hospital
2009,23,0.0892720851804738,7.416404717736806,1.203711078050715,23_tac_tac tac_hijos_papá
2009,24,0.1069229420339774,7.416404717736806,1.44170856504452,24_plata_bolsa_crédito_chino
2009,26,0.0272035877702904,7.416404717736806,0.36680290256047215,26_pesos_banco_lucas_crisis
2009,27,0.0525384518827094,7.416404717736806,0.708408641144682,27_espejo_hermana_bonita_ropa
2009,28,0.0264561280993688,7.416404717736806,0.3567244386771029,28_terremoto_noticias_ta_grado
2010,0,0.0331778527823644,5.682944301497837,0.5838144986502826,0_perro_perrito_mono_gallo
2010,2,0.10125892421203321,5.682944301497837,1.7818039178273257,2_chileno_chile_chilenos_argentino
2010,3,0.3104151969404055,5.682944301497837,5.462224869221228,3_presidente_checho_piñera_chile
2010,4,1.1497629689452258,5.682944301497837,20.231818366444063,4_abuela_vieja_abuelita_suegra
2010,5,0.0318255899056524,5.682944301497837,0.5600193881411828,5_mujeres_hombres_mujer_hombre
2010,6,0.3101502378341061,5.682944301497837,5.457562513015668,6_hijos_guagua_hija_mamá
2010,7,0.0347231664404233,5.682944301497837,0.6110066296316051,7_avión_auto_micro_chofer
2010,8,0.1858630083580587,5.682944301497837,3.2705407355316027,8_amante_mujer_marido_matrimonio
2010,9,0.0326851549554108,5.682944301497837,0.5751447352175538,9_comida_comió_pan_olla
2010,12,0.0515286615698818,5.682944301497837,0.9067247334502389,12_marihuana_jimmy_droga_vino
2010,13,0.0529421461995107,5.682944301497837,0.9315971332950931,13_almas_tele_casting_martín
2010,17,1.1527251578318796,5.682944301497837,20.283942559987068,17_celular_teléfono_momia_aló
2010,22,1.153399550732055,5.682944301497837,20.295809523032922,22_doctor_médico_doctor doctor_hospital
2010,25,0.0824866847908301,5.682944301497837,1.4514779736463248,25_agua_pez_pueblo_nadar
2010,27,1.0,5.682944301497837,17.59651242290784,27_espejo_hermana_bonita_ropa
2011,0,0.30387754712061643,17.472239225795825,1.7392020747516719,0_perro_perrito_mono_gallo
2011,2,0.193328579953449,17.472239225795825,1.1064900008238254,2_chileno_chile_chilenos_argentino
2011,4,1.5058986450167557,17.472239225795825,8.618807386711277,4_abuela_vieja_abuelita_suegra
2011,5,0.0722602029018866,17.472239225795825,0.4135715060219781,5_mujeres_hombres_mujer_hombre
2011,6,0.6170790437280205,17.472239225795825,3.5317685143468713,6_hijos_guagua_hija_mamá
2011,7,0.1039660532264774,17.472239225795825,0.5950356556072277,7_avión_auto_micro_chofer
2011,8,1.1727770900159222,17.472239225795825,6.712231184909871,8_amante_mujer_marido_matrimonio
2011,9,1.0430917877676664,17.472239225795825,5.9699948832411645,9_comida_comió_pan_olla
2011,10,0.022101944585075,17.472239225795825,0.1264974929626875,10_salta salta_salta_bailar_baile
2011,11,0.0445758035408,17.472239225795825,0.25512358756506015,11_jorge_cama_dormir_pa
2011,12,0.0446387826288195,17.472239225795825,0.25548403986430823,12_marihuana_jimmy_droga_vino
2011,14,2.2817769780205515,17.472239225795825,13.059442172997269,14_loro_carabineros_cartero_carabinero
2011,15,0.5814808376857588,17.472239225795825,3.328026992826808,15_fome_show_oh oh_dichato
2011,16,0.0719886822143537,17.472239225795825,0.4120174940603514,16_cielo_pi_san pedro_pérez
2011,17,0.0191672368660832,17.472239225795825,0.10970108993119153,17_celular_teléfono_momia_aló
2011,18,1.0,17.472239225795825,5.7233648594028566,18_ciudad_temuco_emocionante_buenas noches
2011,19,0.4609943382143234,17.472239225795825,2.638438795719534,19_colegio_profe_profesor_profesora
2011,20,2.0866644655241395,17.472239225795825,11.942742075345505,20_farmacia_viagra_viejito_cajas
2011,22,0.1612453746041965,17.472239225795825,0.9228661107509081,22_doctor_médico_doctor doctor_hospital
2011,23,1.165132762506766,17.472239225795825,6.668479909470198,23_tac_tac tac_hijos_papá
2011,25,2.2346217151795025,17.472239225795825,12.789555398716905,25_agua_pez_pueblo_nadar
2011,26,0.0254452120194499,17.472239225795825,0.14563223231217473,26_pesos_banco_lucas_crisis
2011,28,1.030500311736269,17.472239225795825,5.897929271795052,28_terremoto_noticias_ta_grado
2011,31,1.2296258307389414,17.472239225795825,7.037597269865302,31_niño_cabro chico_cabro_chico
2012,0,1.6468323434366199,35.86008774474749,4.592382358790617,0_perro_perrito_mono_gallo
2012,1,0.5746526945794284,35.86008774474749,1.6024854670457385,1_canción_pegado_música_luis
2012,2,0.7074048339242078,35.86008774474749,1.9726801533769898,2_chileno_chile_chilenos_argentino
2012,3,0.1794394358977095,35.86008774474749,0.5003876096872976,3_presidente_checho_piñera_chile
2012,4,1.3645031211548035,35.86008774474749,3.805074686005657,4_abuela_vieja_abuelita_suegra
2012,5,0.0318109521144371,35.86008774474749,0.0887085172263599,5_mujeres_hombres_mujer_hombre
2012,6,0.0335650629411065,35.86008774474749,0.09360005803673152,6_hijos_guagua_hija_mamá
2012,7,1.864432337493377,35.86008774474749,5.199185096156003,7_avión_auto_micro_chofer
2012,8,2.104407862373282,35.86008774474749,5.868384587769223,8_amante_mujer_marido_matrimonio
2012,9,1.2785357312860124,35.86008774474749,3.5653446817716796,9_comida_comió_pan_olla
2012,10,3.040579988658048,35.86008774474749,8.479008780739553,10_salta salta_salta_bailar_baile
2012,11,1.0133304510313823,35.86008774474749,2.8257891008083416,11_jorge_cama_dormir_pa
2012,12,0.15752321590270651,35.86008774474749,0.43927169677876576,12_marihuana_jimmy_droga_vino
2012,13,2.0,35.86008774474749,5.577231194290496,13_almas_tele_casting_martín
2012,14,2.0048390277987744,35.86008774474749,5.590725382685178,14_loro_carabineros_cartero_carabinero
2012,15,0.2733381682517452,35.86008774474749,0.7622350792819286,15_fome_show_oh oh_dichato
2012,16,0.2142437801605131,35.86008774474749,0.5974435469469644,16_cielo_pi_san pedro_pérez
2012,17,0.1240576335188649,35.86008774474749,0.34594905177563573,17_celular_teléfono_momia_aló
2012,18,2.268938432005557,35.86008774474749,6.327197100452978,18_ciudad_temuco_emocionante_buenas noches
2012,19,0.044697069528425795,35.86008774474749,0.12464294523365375,19_colegio_profe_profesor_profesora
2012,20,0.4266924950675431,35.86008774474749,1.1898813469301726,20_farmacia_viagra_viejito_cajas
2012,21,1.0,35.86008774474749,2.788615597145248,21_pam_pam pam_luna_tenis
2012,22,1.3226191351328955,35.86008774474749,3.688276349314351,22_doctor_médico_doctor doctor_hospital
2012,23,1.0542381583548501,35.86008774474749,2.939864971494017,23_tac_tac tac_hijos_papá
2012,24,0.856090834096334,35.86008774474749,2.3873082525341216,24_plata_bolsa_crédito_chino
2012,25,0.0502957763560731,35.86008774474749,0.14025558641707464,25_agua_pez_pueblo_nadar
2012,26,6.604634801935937,35.86008774474749,18.417787622126866,26_pesos_banco_lucas_crisis
2012,27,0.0751060628154102,35.86008774474749,0.2094419382072236,27_espejo_hermana_bonita_ropa
2012,28,1.4436995135773878,35.86008774474749,4.025922981152911,28_terremoto_noticias_ta_grado
2012,29,1.0203574749828652,35.86008774474749,2.84538476940096,29_amiga_mira mira_amigas_tenés hacer
2012,30,0.0792213503711933,35.86008774474749,0.2209178932720181,30_maestro_foto_llené_comentar
2012,31,1.0,35.86008774474749,2.788615597145248,31_niño_cabro chico_cabro_chico
2013,0,3.9535633419548306,28.46475761838879,13.889327269032325,0_perro_perrito_mono_gallo
2013,2,1.7454748590695983,28.46475761838879,6.132055935519322,2_chileno_chile_chilenos_argentino
2013,3,0.0755845671034808,28.46475761838879,0.2655373641918935,3_presidente_checho_piñera_chile
2013,4,1.1073381899723103,28.46475761838879,3.8902076905687335,4_abuela_vieja_abuelita_suegra
2013,5,0.7679024600104687,28.46475761838879,2.6977305421156603,5_mujeres_hombres_mujer_hombre
2013,6,0.1723573814925396,28.46475761838879,0.605511502339979,6_hijos_guagua_hija_mamá
2013,7,1.0831716350007365,28.46475761838879,3.8053077757492884,7_avión_auto_micro_chofer
2013,8,1.1919209771628436,28.46475761838879,4.187356847166122,8_amante_mujer_marido_matrimonio
2013,9,0.0493362382493396,28.46475761838879,0.17332393590264553,9_comida_comió_pan_olla
2013,11,0.5500873308816395,28.46475761838879,1.9325206919249236,11_jorge_cama_dormir_pa
2013,12,1.0,28.46475761838879,3.5131161607151027,12_marihuana_jimmy_droga_vino
2013,13,0.22101065128026348,28.46475761838879,0.7764360907028637,13_almas_tele_casting_martín
2013,14,1.0442316356591705,28.46475761838879,3.668507034764197,14_loro_carabineros_cartero_carabinero
2013,16,2.1899729854933545,28.46475761838879,7.693629486866205,16_cielo_pi_san pedro_pérez
2013,17,3.4194115143079316,28.46475761838879,12.012789851050497,17_celular_teléfono_momia_aló
2013,19,1.0767383949633482,28.46475761838879,3.7827070562081797,19_colegio_profe_profesor_profesora
2013,20,0.23248137994655269,28.46475761838879,0.8167340929555823,20_farmacia_viagra_viejito_cajas
2013,21,0.0717747188495087,28.46475761838879,0.25215292472099193,21_pam_pam pam_luna_tenis
2013,22,0.5376290398153699,28.46475761838879,1.8887532682451196,22_doctor_médico_doctor doctor_hospital
2013,23,0.0300536752219867,28.46475761838879,0.10558205211124452,23_tac_tac tac_hijos_papá
2013,24,3.1686842666754327,28.46475761838879,11.131955905461146,24_plata_bolsa_crédito_chino
2013,25,2.0897286525500025,28.46475761838879,7.341459500782809,25_agua_pez_pueblo_nadar
2013,26,0.0535587082098786,28.46475761838879,0.18815796335914914,26_pesos_banco_lucas_crisis
2013,27,1.1260675319581808,28.46475761838879,3.956006044578855,27_espejo_hermana_bonita_ropa
2013,28,1.0266729053310744,28.46475761838879,3.6068211754869237,28_terremoto_noticias_ta_grado
2013,29,0.2159256237797185,28.46475761838879,0.7585717984130183,29_amiga_mira mira_amigas_tenés hacer
2013,30,0.059690770987694,28.46475761838879,0.20970061220241198,30_maestro_foto_llené_comentar
2013,31,0.2043881824615362,28.46475761838879,0.7180394268648099,31_niño_cabro chico_cabro_chico
2014,0,1.815594486059534,50.69346083954025,3.581516148219641,0_perro_perrito_mono_gallo
2014,1,3.317353493397608,50.69346083954025,6.543947559425878,1_canción_pegado_música_luis
2014,2,5.717213277436035,50.69346083954025,11.278009397568457,2_chileno_chile_chilenos_argentino
2014,3,0.3770016765057816,50.69346083954025,0.7436889694690664,3_presidente_checho_piñera_chile
2014,4,2.578494577300714,50.69346083954025,5.086444157881446,4_abuela_vieja_abuelita_suegra
2014,5,2.6050000718858253,50.69346083954025,5.1387299835996965,5_mujeres_hombres_mujer_hombre
2014,6,0.3600199269382467,50.69346083954025,0.7101900737805531,6_hijos_guagua_hija_mamá
2014,7,1.3748874715947317,50.69346083954025,2.7121594162739373,7_avión_auto_micro_chofer
2014,8,0.7685549243116615,50.69346083954025,1.5160829653046661,8_amante_mujer_marido_matrimonio
2014,9,2.261066251113762,50.69346083954025,4.460272022600121,9_comida_comió_pan_olla
2014,10,2.362645758899112,50.69346083954025,4.660651925852099,10_salta salta_salta_bailar_baile
2014,11,4.727808298593123,50.69346083954025,9.326268556723775,11_jorge_cama_dormir_pa
2014,12,0.9023720214169516,50.69346083954025,1.7800560594456654,12_marihuana_jimmy_droga_vino
2014,13,0.0243297473922074,50.69346083954025,0.04799385756916109,13_almas_tele_casting_martín
2014,14,2.132246367813,50.69346083954025,4.206156637366283,14_loro_carabineros_cartero_carabinero
2014,15,3.0,50.69346083954025,5.917923042374015,15_fome_show_oh oh_dichato
2014,16,1.506466432819665,50.69346083954025,2.9717174717821604,16_cielo_pi_san pedro_pérez
2014,17,0.24239148585000603,50.69346083954025,0.47815138646234184,17_celular_teléfono_momia_aló
2014,18,3.086977261766571,50.69346083954025,6.0894979562310105,18_ciudad_temuco_emocionante_buenas noches
2014,19,0.0360375685018183,50.69346083954025,0.07108918567601417,19_colegio_profe_profesor_profesora
2014,21,0.1518950470129824,50.69346083954025,0.29963439958020427,21_pam_pam pam_luna_tenis
2014,22,1.4658987925394986,50.69346083954025,2.891692080719248,22_doctor_médico_doctor doctor_hospital
2014,23,0.0266143575411647,50.69346083954025,0.052500573250279736,23_tac_tac tac_hijos_papá
2014,24,1.8590770742804916,50.69346083954025,3.667291685144596,24_plata_bolsa_crédito_chino
2014,25,2.1947420544124023,50.69346083954025,4.329438191958146,25_agua_pez_pueblo_nadar
2014,26,1.3901771211665852,50.69346083954025,2.7423204061109687,26_pesos_banco_lucas_crisis
2014,27,1.072266000387145,50.69346083954025,2.115195890415103,27_espejo_hermana_bonita_ropa
2014,28,0.1278768238008173,50.69346083954025,0.25225506738548614,28_terremoto_noticias_ta_grado
2014,29,1.0377041405572638,50.69346083954025,2.0470177481902514,29_amiga_mira mira_amigas_tenés hacer
2014,30,1.1374845498339847,50.69346083954025,2.243848675935657,30_maestro_foto_llené_comentar
2014,31,1.0332637784115646,50.69346083954025,2.0382585077040787,31_niño_cabro chico_cabro_chico
2015,0,0.2620080662924319,43.75752737164305,0.5987725587580287,0_perro_perrito_mono_gallo
2015,1,1.254955573252916,43.75752737164305,2.867976434304162,1_canción_pegado_música_luis
2015,2,2.1050979919831665,43.75752737164305,4.810824830443618,2_chileno_chile_chilenos_argentino
2015,3,2.1349915074379453,43.75752737164305,4.8791411116651,3_presidente_checho_piñera_chile
2015,4,2.4710080857181627,43.75752737164305,5.647046883456886,4_abuela_vieja_abuelita_suegra
2015,5,5.056568868141874,43.75752737164305,11.55588346022214,5_mujeres_hombres_mujer_hombre
2015,6,0.4232945043554589,43.75752737164305,0.9673638566464653,6_hijos_guagua_hija_mamá
2015,7,2.031402473319798,43.75752737164305,4.642406907654117,7_avión_auto_micro_chofer
2015,8,0.7896223869900368,43.75752737164305,1.8045406914416957,8_amante_mujer_marido_matrimonio
2015,9,1.6135796883627256,43.75752737164305,3.6875476867287564,9_comida_comió_pan_olla
2015,10,2.4404412176379706,43.75752737164305,5.577191775281827,10_salta salta_salta_bailar_baile
2015,11,1.3197125271108583,43.75752737164305,3.01596686645986,11_jorge_cama_dormir_pa
2015,12,3.4040334849323166,43.75752737164305,7.779309502616666,12_marihuana_jimmy_droga_vino
2015,13,1.2601205687350374,43.75752737164305,2.8797801073916602,13_almas_tele_casting_martín
2015,14,2.228435909791306,43.75752737164305,5.0926915747882,14_loro_carabineros_cartero_carabinero
2015,15,0.1473811321025037,43.75752737164305,0.3368132089611939,15_fome_show_oh oh_dichato
2015,16,1.249901518508288,43.75752737164305,2.8564262964234204,16_cielo_pi_san pedro_pérez
2015,17,1.1610536081306297,43.75752737164305,2.653380293336793,17_celular_teléfono_momia_aló
2015,18,0.1246963277914792,43.75752737164305,0.2849711473237593,18_ciudad_temuco_emocionante_buenas noches
2015,19,1.0,43.75752737164305,2.285321086602456,19_colegio_profe_profesor_profesora
2015,20,1.103444560338577,43.75752737164305,2.521725121638526,20_farmacia_viagra_viejito_cajas
2015,21,2.190349969785319,43.75752737164305,5.0056529729894415,21_pam_pam pam_luna_tenis
2015,22,1.2331101666978093,43.75752737164305,2.818052666058373,22_doctor_médico_doctor doctor_hospital
2015,23,0.15045629759979198,43.75752737164305,0.34384094951693905,23_tac_tac tac_hijos_papá
2015,24,0.473251733993552,43.75752737164305,1.0815321669666407,24_plata_bolsa_crédito_chino
2015,25,1.2171392612718162,43.75752737164305,2.7815540191162174,25_agua_pez_pueblo_nadar
2015,26,1.0954247393821355,43.75752737164305,2.503397255695994,26_pesos_banco_lucas_crisis
2015,27,2.375432799163671,43.75752737164305,5.428626665735834,27_espejo_hermana_bonita_ropa
2015,28,0.07015254883502389,43.75752737164305,0.16032109913158865,28_terremoto_noticias_ta_grado
2015,29,1.0206255337260293,43.75752737164305,2.3324570537489806,29_amiga_mira mira_amigas_tenés hacer
2015,31,0.3498343202544227,43.75752737164305,0.7994837488946688,31_niño_cabro chico_cabro_chico
2016,0,1.0075938405503857,85.4751788926413,1.1788145442970592,0_perro_perrito_mono_gallo
2016,1,3.7094398296374185,85.4751788926413,4.339785979619366,1_canción_pegado_música_luis
2016,2,5.528759362449096,85.4751788926413,6.468262990585067,2_chileno_chile_chilenos_argentino
2016,3,11.760802274486581,85.4751788926413,13.759318701465848,3_presidente_checho_piñera_chile
2016,4,7.553888286257424,85.4751788926413,8.837522640046503,4_abuela_vieja_abuelita_suegra
2016,5,2.0433003698720182,85.4751788926413,2.3905189744480655,5_mujeres_hombres_mujer_hombre
2016,6,2.6229449043646524,85.4751788926413,3.0686626671575956,6_hijos_guagua_hija_mamá
2016,7,2.5219209036262353,85.4751788926413,2.950471629657334,7_avión_auto_micro_chofer
2016,8,0.8076186925841746,85.4751788926413,0.9448575633852273,8_amante_mujer_marido_matrimonio
2016,9,2.875505123762267,85.4751788926413,3.3641405154284203,9_comida_comió_pan_olla
2016,10,0.7037289876059425,85.4751788926413,0.8233138517204411,10_salta salta_salta_bailar_baile
2016,11,3.9975091979966275,85.4751788926413,4.67680705648781,11_jorge_cama_dormir_pa
2016,12,1.3683915478127817,85.4751788926413,1.600922707083786,12_marihuana_jimmy_droga_vino
2016,13,1.5593707846257496,85.4751788926413,1.824355099138609,13_almas_tele_casting_martín
2016,14,0.8627691208439587,85.4751788926413,1.0093797193774998,14_loro_carabineros_cartero_carabinero
2016,15,3.3944351497623226,85.4751788926413,3.971252466199349,15_fome_show_oh oh_dichato
2016,16,1.1223322453927838,85.4751788926413,1.3130504784347485,16_cielo_pi_san pedro_pérez
2016,17,3.392055913603484,85.4751788926413,3.9684689257731547,17_celular_teléfono_momia_aló
2016,18,2.1384195787094096,85.4751788926413,2.5018018171044853,18_ciudad_temuco_emocionante_buenas noches
2016,19,2.776546560440111,85.4751788926413,3.2483658957034938,19_colegio_profe_profesor_profesora
2016,20,1.42974249336577,85.4751788926413,1.6726990360108611,20_farmacia_viagra_viejito_cajas
2016,21,0.1365837931410582,85.4751788926413,0.15979351539305983,21_pam_pam pam_luna_tenis
2016,22,1.7017987771809788,85.4751788926413,1.9909859203903808,22_doctor_médico_doctor doctor_hospital
2016,23,0.6042697084116978,85.4751788926413,0.7069534293349347,23_tac_tac tac_hijos_papá
2016,24,0.5809613419332441,85.4751788926413,0.679684265607615,24_plata_bolsa_crédito_chino
2016,25,0.2376521569661051,85.4751788926413,0.27803645461169657,25_agua_pez_pueblo_nadar
2016,26,3.072844235546387,85.4751788926413,3.5950135177908744,26_pesos_banco_lucas_crisis
2016,27,3.2241128959473637,85.4751788926413,3.771987304053403,27_espejo_hermana_bonita_ropa
2016,28,6.29593547631836,85.4751788926413,7.36580555651857,28_terremoto_noticias_ta_grado
2016,29,5.00802467257183,85.4751788926413,5.859039708898439,29_amiga_mira mira_amigas_tenés hacer
2016,30,0.39044243998583883,85.4751788926413,0.45679043325108815,30_maestro_foto_llené_comentar
2016,31,1.0454782268892342,85.4751788926413,1.2231366350252133,31_niño_cabro chico_cabro_chico
2017,0,1.943184701458825,99.83568150091753,1.9463829687394547,0_perro_perrito_mono_gallo
2017,1,2.1015406663329568,99.83568150091753,2.1049995700321262,1_canción_pegado_música_luis
2017,2,2.1463414311482123,99.83568150091753,2.149874071955413,2_chileno_chile_chilenos_argentino
2017,3,5.869461590591344,99.83568150091753,5.879122075745435,3_presidente_checho_piñera_chile
2017,4,8.843967016919189,99.83568150091753,8.858523209297578,4_abuela_vieja_abuelita_suegra
2017,5,8.38289641866972,99.83568150091753,8.396693739795504,5_mujeres_hombres_mujer_hombre
2017,6,0.6870562337707677,99.83568150091753,0.6881870524061614,6_hijos_guagua_hija_mamá
2017,7,2.765058352626625,99.83568150091753,2.769609333113245,7_avión_auto_micro_chofer
2017,8,8.600109342992724,99.83568150091753,8.614264172588118,8_amante_mujer_marido_matrimonio
2017,9,4.642191950612698,99.83568150091753,4.649832485562825,9_comida_comió_pan_olla
2017,10,5.69046568529891,99.83568150091753,5.699831562973416,10_salta salta_salta_bailar_baile
2017,11,3.318385678467115,99.83568150091753,3.3238473745848247,11_jorge_cama_dormir_pa
2017,12,0.3211365737618282,99.83568150091753,0.3216651290739943,12_marihuana_jimmy_droga_vino
2017,13,0.9005996729434198,99.83568150091753,0.9020819604813766,13_almas_tele_casting_martín
2017,14,0.1258409467731746,99.83568150091753,0.12604806706509844,14_loro_carabineros_cartero_carabinero
2017,16,0.101366099174915,99.83568150091753,0.10153293657236506,16_cielo_pi_san pedro_pérez
2017,17,2.600380808276224,99.83568150091753,2.604660747723073,17_celular_teléfono_momia_aló
2017,18,0.1714746334835415,99.83568150091753,0.17175686178089103,18_ciudad_temuco_emocionante_buenas noches
2017,19,6.394490028330273,99.83568150091753,6.4050146522729,19_colegio_profe_profesor_profesora
2017,20,0.1167821520953927,99.83568150091753,0.11697436261234859,20_farmacia_viagra_viejito_cajas
2017,21,2.1239631697095884,99.83568150091753,2.1274589783714437,21_pam_pam pam_luna_tenis
2017,22,9.103297899775908,99.83568150091753,9.118280922129275,22_doctor_médico_doctor doctor_hospital
2017,23,3.7475918407591244,99.83568150091753,3.7537599627891383,23_tac_tac tac_hijos_papá
2017,24,1.4545053744739191,99.83568150091753,1.4568993295854367,24_plata_bolsa_crédito_chino
2017,25,2.168191257302116,99.83568150091753,2.171759860508579,25_agua_pez_pueblo_nadar
2017,26,4.176324582005748,99.83568150091753,4.1831983507493415,26_pesos_banco_lucas_crisis
2017,27,2.033396537723501,99.83568150091753,2.0367432837174686,27_espejo_hermana_bonita_ropa
2017,28,2.151590763543883,99.83568150091753,2.155132044172112,28_terremoto_noticias_ta_grado
2017,29,3.6071834655798702,99.83568150091753,3.6131204909406254,29_amiga_mira mira_amigas_tenés hacer
2017,30,3.247412693546095,99.83568150091753,3.252757575973726,30_maestro_foto_llené_comentar
2017,31,0.29949393276992387,99.83568150091753,0.299986866686708,31_niño_cabro chico_cabro_chico
2018,0,2.7379397252030873,48.364165926526205,5.661091580412047,0_perro_perrito_mono_gallo
2018,1,0.6920798319180818,48.364165926526205,1.4309764650329637,1_canción_pegado_música_luis
2018,2,4.169626428478994,48.364165926526205,8.621313628799884,2_chileno_chile_chilenos_argentino
2018,3,0.2327336272714444,48.364165926526205,0.48121087754311376,3_presidente_checho_piñera_chile
2018,4,5.753133907159956,48.364165926526205,11.895447377093182,4_abuela_vieja_abuelita_suegra
2018,5,4.9285463407554975,48.364165926526205,10.190491754252184,5_mujeres_hombres_mujer_hombre
2018,6,7.962497895004726,48.364165926526205,16.46363116672203,6_hijos_guagua_hija_mamá
2018,7,0.21206214587526312,48.364165926526205,0.4384695607020771,7_avión_auto_micro_chofer
2018,8,3.3528122820354103,48.364165926526205,6.932430690790637,8_amante_mujer_marido_matrimonio
2018,9,0.29859409461802733,48.364165926526205,0.6173870445148274,9_comida_comió_pan_olla
2018,10,0.2783932131465538,48.364165926526205,0.5756187619765484,10_salta salta_salta_bailar_baile
2018,11,3.692106034895357,48.364165926526205,7.633970242564144,11_jorge_cama_dormir_pa
2018,12,0.0327576795186547,48.364165926526205,0.06773130248626526,12_marihuana_jimmy_droga_vino
2018,13,0.7029669120924407,48.364165926526205,1.453487098610101,13_almas_tele_casting_martín
2018,14,0.0656525034525858,48.364165926526205,0.13574617114729876,14_loro_carabineros_cartero_carabinero
2018,15,0.310268103928809,48.364165926526205,0.6415247693926152,15_fome_show_oh oh_dichato
2018,16,1.2782724658785136,48.364165926526205,2.643015632318435,16_cielo_pi_san pedro_pérez
2018,17,0.3690923719236046,48.364165926526205,0.7631525631690244,17_celular_teléfono_momia_aló
2018,19,0.14715506731704942,48.364165926526205,0.3042646647532477,19_colegio_profe_profesor_profesora
2018,21,0.0448654521602934,48.364165926526205,0.0927658966112473,21_pam_pam pam_luna_tenis
2018,22,0.47207076921716135,48.364165926526205,0.9760754893081813,22_doctor_médico_doctor doctor_hospital
2018,23,1.0284300001947333,48.364165926526205,2.1264297243481916,23_tac_tac tac_hijos_papá
2018,24,2.055042526659533,48.364165926526205,4.249101555439847,24_plata_bolsa_crédito_chino
2018,25,0.1204056379727816,48.364165926526205,0.24895629990952237,25_agua_pez_pueblo_nadar
2018,26,1.0,48.364165926526205,2.0676465330120206,26_pesos_banco_lucas_crisis
2018,27,1.3276791472003886,48.364165926526205,2.7451711856612393,27_espejo_hermana_bonita_ropa
2018,28,0.09765615719560809,48.364165926526205,0.20191841485277595,28_terremoto_noticias_ta_grado
2018,29,3.730009281279136,48.364165926526205,7.712340758539463,29_amiga_mira mira_amigas_tenés hacer
2018,30,1.0,48.364165926526205,2.0676465330120206,30_maestro_foto_llené_comentar
2018,31,0.2713163241725111,48.364165926526205,0.560986257024858,31_niño_cabro chico_cabro_chico
2019,0,3.2943956106185555,46.370687570523046,7.104478676552425,0_perro_perrito_mono_gallo
2019,1,5.019718893304924,46.370687570523046,10.825198323123125,1_canción_pegado_música_luis
2019,2,0.886833758577781,46.370687570523046,1.9124878345377914,2_chileno_chile_chilenos_argentino
2019,3,1.1088475261879074,46.370687570523046,2.3912682435461243,3_presidente_checho_piñera_chile
2019,4,2.4601486981202707,46.370687570523046,5.3053962039677405,4_abuela_vieja_abuelita_suegra
2019,5,4.9690317306227385,46.370687570523046,10.715889694466071,5_mujeres_hombres_mujer_hombre
2019,6,1.1932738445940947,46.370687570523046,2.5733365345926766,6_hijos_guagua_hija_mamá
2019,7,1.0,46.370687570523046,2.156534768821674,7_avión_auto_micro_chofer
2019,8,0.0417547864975143,46.370687570523046,0.09004564884661538,8_amante_mujer_marido_matrimonio
2019,9,0.8407275747499796,46.370687570523046,1.813058246055454,9_comida_comió_pan_olla
2019,10,0.1816097350583532,46.370687570523046,0.3916477080098313,10_salta salta_salta_bailar_baile
2019,11,0.2484271872970246,46.370687570523046,0.5357418669266076,11_jorge_cama_dormir_pa
2019,12,2.42346674292756,46.370687570523046,5.226290292206301,12_marihuana_jimmy_droga_vino
2019,13,3.222215034205524,46.370687570523046,6.948818753884132,13_almas_tele_casting_martín
2019,14,1.0,46.370687570523046,2.156534768821674,14_loro_carabineros_cartero_carabinero
2019,15,2.6096657878282308,46.370687570523046,5.627835006455986,15_fome_show_oh oh_dichato
2019,16,1.0,46.370687570523046,2.156534768821674,16_cielo_pi_san pedro_pérez
2019,17,0.0308265790592517,46.370687570523046,0.06647858954510644,17_celular_teléfono_momia_aló
2019,18,1.5166989902821655,46.370687570523046,3.2708141063802163,18_ciudad_temuco_emocionante_buenas noches
2019,21,0.0984013678541984,46.370687570523046,0.21220597107719028,21_pam_pam pam_luna_tenis
2019,23,1.270315496411135,46.370687570523046,2.7394795353835772,23_tac_tac tac_hijos_papá
2019,24,2.109416161631489,46.370687570523046,4.549029294472667,24_plata_bolsa_crédito_chino
2019,25,1.0295652305587868,46.370687570523046,2.220293216469927,25_agua_pez_pueblo_nadar
2019,26,1.02299825741104,46.370687570523046,2.2061313105508926,26_pesos_banco_lucas_crisis
2019,27,1.0,46.370687570523046,2.156534768821674,27_espejo_hermana_bonita_ropa
2019,28,2.2234383113407987,46.370687570523046,4.794922024736583,28_terremoto_noticias_ta_grado
2019,29,1.0875646118645572,46.370687570523046,2.345370898825967,29_amiga_mira mira_amigas_tenés hacer
2019,30,2.336151301286013,46.370687570523046,5.037991506451286,30_maestro_foto_llené_comentar
2019,31,1.1451943522331494,46.370687570523046,2.4696514376490017,31_niño_cabro chico_cabro_chico
2020,0,5.815007834335091,66.8784263073325,8.694893339165695,0_perro_perrito_mono_gallo
2020,1,6.596714412337734,66.8784263073325,9.863740486391311,1_canción_pegado_música_luis
2020,2,3.8684538507871373,66.8784263073325,5.784307532910658,2_chileno_chile_chilenos_argentino
2020,3,4.612934570758594,66.8784263073325,6.897492697511089,3_presidente_checho_piñera_chile
2020,4,2.1520501748327243,66.8784263073325,3.217854087868654,4_abuela_vieja_abuelita_suegra
2020,5,1.8264562585541257,66.8784263073325,2.7310096235830152,5_mujeres_hombres_mujer_hombre
2020,6,3.230633352724813,66.8784263073325,4.830606117851503,6_hijos_guagua_hija_mamá
2020,7,0.1420057688021345,66.8784263073325,0.21233419600748754,7_avión_auto_micro_chofer
2020,8,1.976751385235079,66.8784263073325,2.9557384860569744,8_amante_mujer_marido_matrimonio
2020,9,3.1965651298827433,66.8784263073325,4.779665590803943,9_comida_comió_pan_olla
2020,10,1.6569773781840011,66.8784263073325,2.4775962439210857,10_salta salta_salta_bailar_baile
2020,11,1.0243982570711365,66.8784263073325,1.5317320003368893,11_jorge_cama_dormir_pa
2020,12,2.778975375989334,66.8784263073325,4.1552643048430244,12_marihuana_jimmy_droga_vino
2020,13,1.2079616176673729,66.8784263073325,1.8062052060201255,13_almas_tele_casting_martín
2020,14,2.4368833313167064,66.8784263073325,3.6437510059197193,14_loro_carabineros_cartero_carabinero
2020,15,2.8914936593201,66.8784263073325,4.323507323621158,15_fome_show_oh oh_dichato
2020,16,0.2707464643200566,66.8784263073325,0.4048337846286496,16_cielo_pi_san pedro_pérez
2020,17,0.8104402991716644,66.8784263073325,1.211811258009234,17_celular_teléfono_momia_aló
2020,18,1.2376069313077993,66.8784263073325,1.8505323758972914,18_ciudad_temuco_emocionante_buenas noches
2020,20,0.3570342167190986,66.8784263073325,0.5338555890630363,20_farmacia_viagra_viejito_cajas
2020,21,1.0224645384921347,66.8784263073325,1.5288406066756275,21_pam_pam pam_luna_tenis
2020,22,1.341497245567632,66.8784263073325,2.0058744196565392,22_doctor_médico_doctor doctor_hospital
2020,23,5.003141028157889,66.8784263073325,7.48094909585118,23_tac_tac tac_hijos_papá
2020,24,1.663538502109743,66.8784263073325,2.487406767714799,24_plata_bolsa_crédito_chino
2020,26,1.0449072169972082,66.8784263073325,1.562398032805753,26_pesos_banco_lucas_crisis
2020,27,5.061036205116146,66.8784263073325,7.567516887820756,27_espejo_hermana_bonita_ropa
2020,28,0.0566129223366278,66.8784263073325,0.08465050011265113,28_terremoto_noticias_ta_grado
2020,29,0.2392318493711147,66.8784263073325,0.3577115410457639,29_amiga_mira mira_amigas_tenés hacer
2020,30,3.2909839902507954,66.8784263073325,4.9208454384489215,30_maestro_foto_llené_comentar
2020,31,0.0649225396157649,66.8784263073325,0.0970754594574646,31_niño_cabro chico_cabro_chico
2023,0,3.2308925136995232,64.48998354463119,5.0099136890979965,0_perro_perrito_mono_gallo
2023,1,7.080812894966507,64.48998354463119,10.979709570039093,1_canción_pegado_música_luis
2023,2,3.9911281514030006,64.48998354463119,6.188756659615032,2_chileno_chile_chilenos_argentino
2023,3,3.0956007544743196,64.48998354463119,4.800126444957094,3_presidente_checho_piñera_chile
2023,4,5.498744486183946,64.48998354463119,8.526509364634066,4_abuela_vieja_abuelita_suegra
2023,5,0.9788648703924182,64.48998354463119,1.5178556677952648,5_mujeres_hombres_mujer_hombre
2023,6,5.92433737728058,64.48998354463119,9.186445788407683,6_hijos_guagua_hija_mamá
2023,8,0.4239223782399198,64.48998354463119,0.6573460790954279,8_amante_mujer_marido_matrimonio
2023,9,0.14531813243774222,64.48998354463119,0.22533442319328983,9_comida_comió_pan_olla
2023,10,0.6393229579171164,64.48998354463119,0.9913523353198936,10_salta salta_salta_bailar_baile
2023,11,1.5339778171857137,64.48998354463119,2.378629568302034,11_jorge_cama_dormir_pa
2023,12,1.0524175752797709,64.48998354463119,1.6319085808905978,12_marihuana_jimmy_droga_vino
2023,13,10.75526114680941,64.48998354463119,16.677413383686293,13_almas_tele_casting_martín
2023,14,2.0,64.48998354463119,3.1012568000050305,14_loro_carabineros_cartero_carabinero
2023,15,1.0,64.48998354463119,1.5506284000025152,15_fome_show_oh oh_dichato
2023,16,1.2017158983045295,64.48998354463119,1.863414800645538,16_cielo_pi_san pedro_pérez
2023,17,1.0,64.48998354463119,1.5506284000025152,17_celular_teléfono_momia_aló
2023,18,2.2120811350654757,64.48998354463119,3.4301158311423263,18_ciudad_temuco_emocionante_buenas noches
2023,19,2.2179108712377147,64.48998354463119,3.4391555856155223,19_colegio_profe_profesor_profesora
2023,20,0.0728189693809448,64.48998354463119,0.1129151619810066,20_farmacia_viagra_viejito_cajas
2023,21,0.1822691088338164,64.48998354463119,0.28263165660086503,21_pam_pam pam_luna_tenis
2023,22,0.4804676489357839,64.48998354463119,0.7450267817222649,22_doctor_médico_doctor doctor_hospital
2023,23,1.7997727805400998,64.48998354463119,2.7907787870569734,23_tac_tac tac_hijos_papá
2023,24,0.0148716273053423,64.48998354463119,0.023060367653916652,24_plata_bolsa_crédito_chino
2023,25,0.1186120305944131,64.48998354463119,0.18392318322166418,25_agua_pez_pueblo_nadar
2023,26,1.0828927314416696,64.48998354463119,1.67916422352975,26_pesos_banco_lucas_crisis
2023,27,5.081139597616034,64.48998354463119,7.878959364440776,27_espejo_hermana_bonita_ropa
2023,28,0.18222284876271438,64.48998354463119,0.2825599244208281,28_terremoto_noticias_ta_grado
2023,29,0.43482060440467263,64.48998354463119,0.6742451780961443,29_amiga_mira mira_amigas_tenés hacer
2023,30,0.0577866359380087,64.48998354463119,0.08960559882608228,30_maestro_foto_llené_comentar
2023,31,1.0,64.48998354463119,1.5506284000025152,31_niño_cabro chico_cabro_chico
2024,0,1.288753675441061,49.08826608654075,2.6253803162838083,0_perro_perrito_mono_gallo
2024,1,2.6171133375352156,49.08826608654075,5.331443838169684,1_canción_pegado_música_luis
2024,2,0.3887251034447228,49.08826608654075,0.791890067494776,2_chileno_chile_chilenos_argentino
2024,3,3.695368192031582,49.08826608654075,7.528007172868539,3_presidente_checho_piñera_chile
2024,4,4.138627605188566,49.08826608654075,8.43099163024484,4_abuela_vieja_abuelita_suegra
2024,5,0.8832034545378857,49.08826608654075,1.7992150160301683,5_mujeres_hombres_mujer_hombre
2024,6,3.5430557233889513,49.08826608654075,7.217724327729723,6_hijos_guagua_hija_mamá
2024,7,0.1519138565058841,49.08826608654075,0.30947081373390894,7_avión_auto_micro_chofer
2024,8,0.1227958735670693,49.08826608654075,0.2501532104445996,8_amante_mujer_marido_matrimonio
2024,9,5.160250594101016,49.08826608654075,10.512187546008835,9_comida_comió_pan_olla
2024,10,2.260493302491327,49.08826608654075,4.604956505300398,10_salta salta_salta_bailar_baile
2024,11,2.102215853080861,49.08826608654075,4.282522119185742,11_jorge_cama_dormir_pa
2024,12,3.134492391174946,49.08826608654075,6.385420877667496,12_marihuana_jimmy_droga_vino
2024,13,3.5517726854430327,49.08826608654075,7.2354820583423995,13_almas_tele_casting_martín
2024,14,1.0855637536015856,49.08826608654075,2.211452634500836,14_loro_carabineros_cartero_carabinero
2024,15,0.180083506143685,49.08826608654075,0.36685652295439536,15_fome_show_oh oh_dichato
2024,16,1.0792901305771052,49.08826608654075,2.1986723439657814,16_cielo_pi_san pedro_pérez
2024,17,2.26026940512618,49.08826608654075,4.604500393518506,17_celular_teléfono_momia_aló
2024,19,3.6697822650433496,49.08826608654075,7.475884885755921,19_colegio_profe_profesor_profesora
2024,20,0.1659345852883814,49.08826608654075,0.33803309531415315,20_farmacia_viagra_viejito_cajas
2024,21,1.0,49.08826608654075,2.0371467149339475,21_pam_pam pam_luna_tenis
2024,22,0.28820888908715847,49.08826608654075,0.5871237916186673,22_doctor_médico_doctor doctor_hospital
2024,23,2.081768795611181,49.08826608654075,4.240868463231318,23_tac_tac tac_hijos_papá
2024,24,0.0858640732735934,49.08826608654075,0.17491771480014856,24_plata_bolsa_crédito_chino
2024,26,1.2412511428702504,49.08826608654075,2.5286106881061388,26_pesos_banco_lucas_crisis
2024,27,0.1105726410239201,49.08826608654075,0.22525269242344947,27_espejo_hermana_bonita_ropa
2024,28,0.0307584717901046,49.08826608654075,0.06265951976360008,28_terremoto_noticias_ta_grado
2024,29,1.6147826904786236,49.08826608654075,3.2895492532407293,29_amiga_mira mira_amigas_tenés hacer
2024,30,0.0214329206050937,49.08826608654075,0.04366200380210675,30_maestro_foto_llené_comentar
2024,31,1.133921168088418,49.08826608654075,2.3099637825653856,31_niño_cabro chico_cabro_chico
2025,0,0.299875279884122,90.10217664250477,0.33281690971121214,0_perro_perrito_mono_gallo
2025,1,2.8991764036485113,90.10217664250477,3.2176541252177198,1_canción_pegado_música_luis
2025,2,8.61948821724699,90.10217664250477,9.566348492829679,2_chileno_chile_chilenos_argentino
2025,3,4.409611991286683,90.10217664250477,4.894012725999445,3_presidente_checho_piñera_chile
2025,4,2.49022105245604,90.10217664250477,2.7637745782062537,4_abuela_vieja_abuelita_suegra
2025,5,1.9931745318321368,90.10217664250477,2.2121269497632503,5_mujeres_hombres_mujer_hombre
2025,6,6.3272691154262475,90.10217664250477,7.022326597647835,6_hijos_guagua_hija_mamá
2025,7,4.079846254002439,90.10217664250477,4.528021859216455,7_avión_auto_micro_chofer
2025,8,0.1783094542425914,90.10217664250477,0.19789694421041962,8_amante_mujer_marido_matrimonio
2025,9,2.4055876781836387,90.10217664250477,2.669844134540949,9_comida_comió_pan_olla
2025,10,0.307772914186564,90.10217664250477,0.3415821078415272,10_salta salta_salta_bailar_baile
2025,11,2.675054232817077,90.10217664250477,2.968911887035532,11_jorge_cama_dormir_pa
2025,12,3.0716787063958293,90.10217664250477,3.4091059959441607,12_marihuana_jimmy_droga_vino
2025,13,4.31150330883989,90.10217664250477,4.785126696712877,13_almas_tele_casting_martín
2025,14,3.3290122021479682,90.10217664250477,3.6947078596739926,14_loro_carabineros_cartero_carabinero
2025,15,1.6637057193754277,90.10217664250477,1.8464656253271818,15_fome_show_oh oh_dichato
2025,16,1.3334650633277176,90.10217664250477,1.4799476694314053,16_cielo_pi_san pedro_pérez
2025,17,1.446250445806664,90.10217664250477,1.605122650415984,17_celular_teléfono_momia_aló
2025,18,2.006425375140746,90.10217664250477,2.226833412805963,18_ciudad_temuco_emocionante_buenas noches
2025,19,6.393650921692916,90.10217664250477,7.096000518456705,19_colegio_profe_profesor_profesora
2025,20,2.0874616029200608,90.10217664250477,2.316771559473428,20_farmacia_viagra_viejito_cajas
2025,21,1.0,90.10217664250477,1.1098511015640218,21_pam_pam pam_luna_tenis
2025,22,2.2195252040975118,90.10217664250477,2.4633424927167336,22_doctor_médico_doctor doctor_hospital
2025,23,6.52638942680943,90.10217664250477,7.24332049458023,23_tac_tac tac_hijos_papá
2025,24,1.5733411145219398,90.10217664250477,1.7461743690881406,24_plata_bolsa_crédito_chino
2025,26,1.1406248422261878,90.10217664250477,1.265923737616023,26_pesos_banco_lucas_crisis
2025,27,1.0,90.10217664250477,1.1098511015640218,27_espejo_hermana_bonita_ropa
2025,28,8.724065552804765,90.10217664250477,9.682413763897106,28_terremoto_noticias_ta_grado
2025,29,3.3206808213720738,90.10217664250477,3.6854612675423173,29_amiga_mira mira_amigas_tenés hacer
2025,30,1.0640557797726204,90.10217664250477,1.180943479306207,30_maestro_foto_llené_comentar
2025,31,1.2049534300399827,90.10217664250477,1.3373188916632213,31_niño_cabro chico_cabro_chico
